Workbook

Sheet Uncalibrated
A1: Device Label | B1: Device № | D1: =("№"&B3&" - "&A3) -> №2 - Blue tape | Y1: 0 | Z1: 0 | AA1: 0 | AB1: 0 | AC1: 0 | AD1: 0 | AE1: 0 | AF1: 0 | AG1: 0 | AH1: 0 | AI1: 0 | AJ1: 0 | AK1: 0 | AL1: 0 | AM1: 0 | AN1: 0 | AO1: 0 | AP1: 0
A2: Nothing | B2: 1 | D2: Actual time | E2: Device time | F2: Interval | G2: Time drift (s) | H2: Time elapsed minutes | I2: Time drift per hour (with ms) | J2: Time drift per hour | K2: Average error (with ms) | L2: Average error (s/hr) | M2: Time from start (minutes) | N2: Interval | Y2: 1.531379 | Z2: 104.62448 | AA2: 1.15695 | AB2: 77.997398 | AC2: 1.15695 | AD2: 77.997398 | AE2: 2.188038 | AF2: 83.313543 | AG2: 1.468955 | AH2: 96.34218 | AI2: 1.687075 | AJ2: 100.98856 | AK2: 1.844197 | AL2: 104.73594 | AM2: 1.741891 | AN2: 111.20417 | AO2: 1.250225 | AP2: 87.912491
A3: Blue tape | B3: 2 | D3: 2024-09-12 15:33:39.219130 | E3: 2024-09-12 15:48:02.991899 | F3: [0.219130, 0.235332] | G3: =(DATEVALUE(LEFT(E3, 10))-DATEVALUE(LEFT(D3, 10))) * 86400 + (TIMEVALUE(MID(E3, 12, 8)) - TIMEVALUE(MID(D3, 12, 8))) * 86400 + (VALUE(RIGHT(E3, 6)) - VALUE(RIGHT(D3, 6))) / 1000000 -> 863.77277 | K3: =((MAX(G3:G25)-MIN(G3:G25))/SUM(H4:H25)) * 60 -> 0.84065639 | L3: =((FLOOR(MAX(G3:G25), 1)-FLOOR(MIN(G3:G25), 1))/SUM(H4:H25)) * 60 -> 0.84437163 | M3: 0 | N3: =(MID(F3, 2, 7) + MID(F3, 12, 8)) / 2 -> 0.227231 | Y3: 2.624694 | Z3: 181.4896 | AA3: 2.281858 | AB3: 154.96198 | AC3: 2.281858 | AD3: 154.96198 | AE3: 2.374968 | AF3: 159.5771 | AG3: 2.530329 | AH3: 164.75782 | AI3: 2.84312 | AJ3: 170.56929 | AK3: 3.062964 | AL3: 175.61562 | AM3: 2.905942 | AN3: 184.55156 | AO3: 9.187744 | AP3: 661.0302
A4: ACCZERO PBRC | B4: 3 | D4: 2024-09-12 17:18:16.688028 | E4: 2024-09-12 17:32:41.992176 | F4: [0.688028, 0.703675] | G4: =(DATEVALUE(LEFT(E4, 10))-DATEVALUE(LEFT(D4, 10))) * 86400 + (TIMEVALUE(MID(E4, 12, 8)) - TIMEVALUE(MID(D4, 12, 8))) * 86400 + (VALUE(RIGHT(E4, 6)) - VALUE(RIGHT(D4, 6))) / 1000000 -> 865.30415 | H4: =((DATEVALUE(LEFT(D4,10))-DATEVALUE(LEFT(D3,10)))*86400+(TIMEVALUE(MID(D4,12,8))-TIMEVALUE(MID(D3,12,8)))*86400+(VALUE(RIGHT(D4,6))-VALUE(RIGHT(D3,6)))/1000000)/ 60 -> 104.62448 | I4: =(G4 - G3) / H4 * 60 -> 0.87821453 | J4: =(FLOOR(G4, 1) - FLOOR(G3, 1)) / H4 * 60 -> 1.1469591 | M4: =M3 + H4 -> 104.62448 | N4: =(MID(F4, 2, 7) + MID(F4, 12, 8)) / 2 -> 0.6958475 | Y4: 3.52958 | Z4: 242.8912 | AA4: 3.187752 | AB4: 216.26356 | AC4: 3.187752 | AD4: 216.26356 | AE4: 3.281354 | AF4: 220.96199 | AG4: 3.468865 | AH4: 225.75885 | AI4: 3.905955 | AJ4: 234.30157 | AK4: 4.187898 | AL4: 239.01354 | AM4: 3.874572 | AN4: 245.83543
A5: IMGCOF | B5: 4 | D5: 2024-09-12 18:35:08.594893 | E5: 2024-09-12 18:49:34.992356 | F5: [0.594893, 0.610182] | G5: =(DATEVALUE(LEFT(E5, 10))-DATEVALUE(LEFT(D5, 10))) * 86400 + (TIMEVALUE(MID(E5, 12, 8)) - TIMEVALUE(MID(D5, 12, 8))) * 86400 + (VALUE(RIGHT(E5, 6)) - VALUE(RIGHT(D5, 6))) / 1000000 -> 866.39746 | H5: =((DATEVALUE(LEFT(D5,10))-DATEVALUE(LEFT(D4,10)))*86400+(TIMEVALUE(MID(D5,12,8))-TIMEVALUE(MID(D4,12,8)))*86400+(VALUE(RIGHT(D5,6))-VALUE(RIGHT(D4,6)))/1000000)/ 60 -> 76.865114 | I5: =(G5 - G4) / H5 * 60 -> 0.85342877 | J5: =(FLOOR(G5, 1) - FLOOR(G4, 1)) / H5 * 60 -> 0.78058818 | K5: Average with time set | L5: Average error before measure | M5: =M4 + H5 -> 181.4896 | N5: =(MID(F5, 2, 7) + MID(F5, 12, 8)) / 2 -> 0.602536 | Y5: 7.53135 | Z5: 524.55782 | AA5: 7.312949 | AB5: 498.77813 | AC5: 7.312949 | AD5: 498.77813 | AE5: 7.398495 | AF5: 503.9599 | AG5: 7.781057 | AH5: 508.75364 | AI5: 8.593384 | AJ5: 515.95678 | AK5: 9.093586 | AL5: 522.31512 | AM5: 8.343109 | AN5: 529.59428
A6: ERR15 | B6: 5 | D6: 2024-09-12 19:36:32.691076 | E6: 2024-09-12 19:50:59.993425 | F6: [0.704355, 0.719084] | G6: =(DATEVALUE(LEFT(E6, 10))-DATEVALUE(LEFT(D6, 10))) * 86400 + (TIMEVALUE(MID(E6, 12, 8)) - TIMEVALUE(MID(D6, 12, 8))) * 86400 + (VALUE(RIGHT(E6, 6)) - VALUE(RIGHT(D6, 6))) / 1000000 -> 867.30235 | H6: =((DATEVALUE(LEFT(D6,10))-DATEVALUE(LEFT(D5,10)))*86400+(TIMEVALUE(MID(D6,12,8))-TIMEVALUE(MID(D5,12,8)))*86400+(VALUE(RIGHT(D6,6))-VALUE(RIGHT(D5,6)))/1000000)/ 60 -> 61.401603 | I6: =(G6 - G5) / H6 * 60 -> 0.88423033 | J6: =(FLOOR(G6, 1) - FLOOR(G5, 1)) / H6 * 60 -> 0.97717318 | K6: =(MAX(G3:G24)/(DATEDIF(VALUE(DATE(2000 + MID(B12, 1, 2), MID(B12, 4, 2), MID(B12, 7, 2))),VALUE(MID(D3, 1, 10)),"d")*(60*24)+(TIMEVALUE(MID(D3,12,8))-TIMEVALUE(RIGHT(B12,8))*24*60+MID(D3,21,6)/86400000+MAX(M3:M25)))) * 60 -> 0.86333517 | L6: =(MIN(G3:G24)/(DATEDIF(VALUE(DATE(2000 + MID(B12, 1, 2), MID(B12, 4, 2), MID(B12, 7, 2))),VALUE(MID(D3, 1, 10)),"d")*(60*24)+(TIMEVALUE(MID(D3,12,8))-TIMEVALUE(RIGHT(B12,8))*24*60+MID(D3,21,6)/86400000))) * 60 -> 0.86716409 | M6: =M5 + H6 -> 242.8912 | N6: =(MID(F6, 2, 7) + MID(F6, 12, 8)) / 2 -> 0.711717 | Y6: 14.124964 | Z6: 1142.5813 | AA6: 14.094822 | AB6: 1116.3651 | AC6: 14.094822 | AD6: 1116.3651 | AE6: 14.186932 | AF6: 1122.3302 | AG6: 14.999542 | AH6: 1127.3333 | AI6: 16.593444 | AJ6: 1131.9568 | AK6: 17.437665 | AL6: 1136.4094 | AM6: 15.781117 | AN6: 1143.3703
A7: IMG COR LSU | B7: 6 | D7: 2024-09-13 00:18:12.688373 | E7: 2024-09-13 00:32:43.992492 | F7: [0.688373, 0.703389] | G7: =(DATEVALUE(LEFT(E7, 10))-DATEVALUE(LEFT(D7, 10))) * 86400 + (TIMEVALUE(MID(E7, 12, 8)) - TIMEVALUE(MID(D7, 12, 8))) * 86400 + (VALUE(RIGHT(E7, 6)) - VALUE(RIGHT(D7, 6))) / 1000000 -> 871.30412 | H7: =((DATEVALUE(LEFT(D7,10))-DATEVALUE(LEFT(D6,10)))*86400+(TIMEVALUE(MID(D7,12,8))-TIMEVALUE(MID(D6,12,8)))*86400+(VALUE(RIGHT(D7,6))-VALUE(RIGHT(D6,6)))/1000000)/ 60 -> 281.66662 | I7: =(G7 - G6) / H7 * 60 -> 0.85244818 | J7: =(FLOOR(G7, 1) - FLOOR(G6, 1)) / H7 * 60 -> 0.85207114 | M7: =M6 + H7 -> 524.55782 | N7: =(MID(F7, 2, 7) + MID(F7, 12, 8)) / 2 -> 0.6958795 | Y7: 15.687032 | Z7: 1251.1886 | AA7: 15.62551 | AB7: 1220.4396 | AC7: 15.62551 | AD7: 1220.4396 | AE7: 15.625582 | AF7: 1220.2562 | AG7: 16.405601 | AH7: 1220.8933 | AI7: 18.061904 | AJ7: 1220.1323 | AK7: 18.844353 | AL7: 1217.8193 | AM7: 16.906395 | AN7: 1215.7349
A8: IVAN ERR15 | B8: 7 | D8: 2024-09-13 10:36:14.094765 | E8: 2024-09-13 10:50:51.992498 | F8: [0.094765, 0.109769] | G8: =(DATEVALUE(LEFT(E8, 10))-DATEVALUE(LEFT(D8, 10))) * 86400 + (TIMEVALUE(MID(E8, 12, 8)) - TIMEVALUE(MID(D8, 12, 8))) * 86400 + (VALUE(RIGHT(E8, 6)) - VALUE(RIGHT(D8, 6))) / 1000000 -> 877.89773 | H8: =((DATEVALUE(LEFT(D8,10))-DATEVALUE(LEFT(D7,10)))*86400+(TIMEVALUE(MID(D8,12,8))-TIMEVALUE(MID(D7,12,8)))*86400+(VALUE(RIGHT(D8,6))-VALUE(RIGHT(D7,6)))/1000000)/ 60 -> 618.02344 | I8: =(G8 - G7) / H8 * 60 -> 0.64013242 | J8: =(FLOOR(G8, 1) - FLOOR(G7, 1)) / H8 * 60 -> 0.58250218 | K8: Standard Deviation | M8: =M7 + H8 -> 1142.5813 | N8: =(MID(F8, 2, 7) + MID(F8, 12, 8)) / 2 -> 0.1022645 | Y8: 16.562142 | Z8: 1313.274 | AA8: 16.532012 | AB8: 1282.3578 | AC8: 16.532012 | AD8: 1282.3578 | AE8: 16.562423 | AF8: 1283.424 | AG8: 17.343647 | AH8: 1282.5943 | AI8: 18.936919 | AJ8: 1273.5511 | AK8: 19.811684 | AL8: 1273.2032 | AM8: 17.81169 | AN8: 1274.4198
A9: AIM TRAINING DEVICE | B9: 8 | D9: 2024-09-13 12:24:50.532423 | E9: 2024-09-13 12:39:29.992224 | F9: [0.532423, 0.547974] | G9: =(DATEVALUE(LEFT(E9, 10))-DATEVALUE(LEFT(D9, 10))) * 86400 + (TIMEVALUE(MID(E9, 12, 8)) - TIMEVALUE(MID(D9, 12, 8))) * 86400 + (VALUE(RIGHT(E9, 6)) - VALUE(RIGHT(D9, 6))) / 1000000 -> 879.4598 | H9: =((DATEVALUE(LEFT(D9,10))-DATEVALUE(LEFT(D8,10)))*86400+(TIMEVALUE(MID(D9,12,8))-TIMEVALUE(MID(D8,12,8)))*86400+(VALUE(RIGHT(D9,6))-VALUE(RIGHT(D8,6)))/1000000)/ 60 -> 108.60729 | I9: =(G9 - G8) / H9 * 60 -> 0.86296303 | J9: =(FLOOR(G9, 1) - FLOOR(G8, 1)) / H9 * 60 -> 1.1048982 | K9: =_xlfn.STDEV.P(I4:I24) -> 0.05566086 | M9: =M8 + H9 -> 1251.1886 | N9: =(MID(F9, 2, 7) + MID(F9, 12, 8)) / 2 -> 0.540197 | Y9: 19.625032 | Z9: 1528.2563 | AA9: 19.687984 | AB9: 1497.7552 | AC9: 19.687984 | AD9: 1497.7552 | AE9: 19.719006 | AF9: 1498.9214 | AG9: 20.656142 | AH9: 1499.9891 | AI9: 22.686351 | AJ9: 1500.7719 | AK9: 23.749844 | AL9: 1501.2708 | AM9: 21.406346 | AN9: 1503.2432
A10: Device name | B10: Last time set time | D10: 2024-09-13 13:26:55.657122 | E10: 2024-09-13 13:41:35.992033 | F10: [0.657122, 0.673056] | G10: =(DATEVALUE(LEFT(E10, 10))-DATEVALUE(LEFT(D10, 10))) * 86400 + (TIMEVALUE(MID(E10, 12, 8)) - TIMEVALUE(MID(D10, 12, 8))) * 86400 + (VALUE(RIGHT(E10, 6)) - VALUE(RIGHT(D10, 6))) / 1000000 -> 880.33491 | H10: =((DATEVALUE(LEFT(D10,10))-DATEVALUE(LEFT(D9,10)))*86400+(TIMEVALUE(MID(D10,12,8))-TIMEVALUE(MID(D9,12,8)))*86400+(VALUE(RIGHT(D10,6))-VALUE(RIGHT(D9,6)))/1000000)/ 60 -> 62.085412 | I10: =(G10 - G9) / H10 * 60 -> 0.84571558 | J10: =(FLOOR(G10, 1) - FLOOR(G9, 1)) / H10 * 60 -> 0.9664106 | M10: =M9 + H10 -> 1313.274 | N10: =(MID(F10, 2, 7) + MID(F10, 12, 8)) / 2 -> 0.665088 | Y10: 36.906033 | Z10: 2733.2849 | AA10: 37.312901 | AB10: 2702.0115 | AC10: 37.312901 | AD10: 2702.0115 | AE10: 37.312924 | AF10: 2702.6115 | AG10: 39.031296 | AH10: 2703.0995 | AI10: 42.718568 | AJ10: 2702.8714 | AK10: 44.500026 | AL10: 2702.5083 | AM10: 40.374694 | AN10: 2704.1604
A11: =("№"&B2&" - "&A2) -> №1 - Nothing | B11: Last time set time | D11: 2024-09-13 17:01:54.594733 | E11: 2024-09-13 17:16:37.992534 | F11: [0.594733, 0.609666] | G11: =(DATEVALUE(LEFT(E11, 10))-DATEVALUE(LEFT(D11, 10))) * 86400 + (TIMEVALUE(MID(E11, 12, 8)) - TIMEVALUE(MID(D11, 12, 8))) * 86400 + (VALUE(RIGHT(E11, 6)) - VALUE(RIGHT(D11, 6))) / 1000000 -> 883.3978 | H11: =((DATEVALUE(LEFT(D11,10))-DATEVALUE(LEFT(D10,10)))*86400+(TIMEVALUE(MID(D11,12,8))-TIMEVALUE(MID(D10,12,8)))*86400+(VALUE(RIGHT(D11,6))-VALUE(RIGHT(D10,6)))/1000000)/ 60 -> 214.98229 | I11: =(G11 - G10) / H11 * 60 -> 0.8548304 | J11: =(FLOOR(G11, 1) - FLOOR(G10, 1)) / H11 * 60 -> 0.83727826 | M11: =M10 + H11 -> 1528.2563 | N11: =(MID(F11, 2, 7) + MID(F11, 12, 8)) / 2 -> 0.602198 | Y11: 38.719077 | Z11: 2857.6714 | AA11: 39.156852 | AB11: 2826.0307 | AC11: 39.156852 | AD11: 2826.0307 | AE11: 39.156845 | AF11: 2825.7974 | AG11: 40.906352 | AH11: 2824.3182 | AI11: 44.750053 | AJ11: 2823.5375 | AK11: 46.593969 | AL11: 2821.6234 | AM11: 42.249898 | AN11: 2820.8125
A12: =("№"&B3&" - "&A3) -> №2 - Blue tape | B12: 24-08-01 11:55:18 | D12: 2024-09-14 13:06:56.313628 | E12: 2024-09-14 13:21:56.992430 | F12: [0.313628, 0.328769] | G12: =(DATEVALUE(LEFT(E12, 10))-DATEVALUE(LEFT(D12, 10))) * 86400 + (TIMEVALUE(MID(E12, 12, 8)) - TIMEVALUE(MID(D12, 12, 8))) * 86400 + (VALUE(RIGHT(E12, 6)) - VALUE(RIGHT(D12, 6))) / 1000000 -> 900.6788 | H12: =((DATEVALUE(LEFT(D12,10))-DATEVALUE(LEFT(D11,10)))*86400+(TIMEVALUE(MID(D12,12,8))-TIMEVALUE(MID(D11,12,8)))*86400+(VALUE(RIGHT(D12,6))-VALUE(RIGHT(D11,6)))/1000000)/ 60 -> 1205.0286 | I12: =(G12 - G11) / H12 * 60 -> 0.86044432 | J12: =(FLOOR(G12, 1) - FLOOR(G11, 1)) / H12 * 60 -> 0.84645291 | M12: =M11 + H12 -> 2733.2849 | N12: =(MID(F12, 2, 7) + MID(F12, 12, 8)) / 2 -> 0.3211945 | Y12: 47.562267 | Z12: 3470.9573 | AA12: 48.251094 | AB12: 3444.0792 | AC12: 48.251094 | AD12: 3444.0792 | AE12: 48.218994 | AF12: 3443.1297 | AG12: 50.406141 | AH12: 3443.0266 | AI12: 55.093503 | AJ12: 3443.5318 | AK12: 57.375135 | AL12: 3442.8271 | AM12: 52.093832 | AN12: 3443.4151
A13: =("№"&B4&" - "&A4) -> №3 - ACCZERO PBRC | B13: 24-06-20 17:12:23 | D13: 2024-09-14 15:11:19.500607 | E13: 2024-09-14 15:26:21.992453 | F13: [0.500607, 0.515701] | G13: =(DATEVALUE(LEFT(E13, 10))-DATEVALUE(LEFT(D13, 10))) * 86400 + (TIMEVALUE(MID(E13, 12, 8)) - TIMEVALUE(MID(D13, 12, 8))) * 86400 + (VALUE(RIGHT(E13, 6)) - VALUE(RIGHT(D13, 6))) / 1000000 -> 902.49185 | H13: =((DATEVALUE(LEFT(D13,10))-DATEVALUE(LEFT(D12,10)))*86400+(TIMEVALUE(MID(D13,12,8))-TIMEVALUE(MID(D12,12,8)))*86400+(VALUE(RIGHT(D13,6))-VALUE(RIGHT(D12,6)))/1000000)/ 60 -> 124.38645 | I13: =(G13 - G12) / H13 * 60 -> 0.87455378 | J13: =(FLOOR(G13, 1) - FLOOR(G12, 1)) / H13 * 60 -> 0.96473531 | M13: =M12 + H13 -> 2857.6714 | N13: =(MID(F13, 2, 7) + MID(F13, 12, 8)) / 2 -> 0.5081505 | Y13: 56.781005 | Z13: 4115.6537 | AA13: 57.688608 | AB13: 4089.8052 | AC13: 57.688608 | AD13: 4089.8052 | AE13: 57.750102 | AF13: 4095.9375 | AG13: 60.437551 | AH13: 4101.0927 | AI13: 66.124648 | AJ13: 4106.6479 | AK13: 69.062906 | AL13: 4119.0823 | AM13: 62.905785 | AN13: 4127.0016
A14: =("№"&B5&" - "&A5) -> №4 - IMGCOF | B14: 24-04-22 11:05:09 | D14: 2024-09-15 01:24:36.657774 | E14: 2024-09-15 01:39:47.992810 | F14: [0.673143, 0.688379] | G14: =(DATEVALUE(LEFT(E14, 10))-DATEVALUE(LEFT(D14, 10))) * 86400 + (TIMEVALUE(MID(E14, 12, 8)) - TIMEVALUE(MID(D14, 12, 8))) * 86400 + (VALUE(RIGHT(E14, 6)) - VALUE(RIGHT(D14, 6))) / 1000000 -> 911.33504 | H14: =((DATEVALUE(LEFT(D14,10))-DATEVALUE(LEFT(D13,10)))*86400+(TIMEVALUE(MID(D14,12,8))-TIMEVALUE(MID(D13,12,8)))*86400+(VALUE(RIGHT(D14,6))-VALUE(RIGHT(D13,6)))/1000000)/ 60 -> 613.28595 | I14: =(G14 - G13) / H14 * 60 -> 0.86516151 | J14: =(FLOOR(G14, 1) - FLOOR(G13, 1)) / H14 * 60 -> 0.8805028 | M14: =M13 + H14 -> 3470.9573 | N14: =(MID(F14, 2, 7) + MID(F14, 12, 8)) / 2 -> 0.6807595 | Y14: 65.593768 | Z14: 4725.5234 | AA14: 66.687446 | AB14: 4701.5886 | AC14: 66.687446 | AD14: 4701.5886 | AE14: 66.781311 | AF14: 4708.637 | AG14: 69.875463 | AH14: 4713.8521 | AI14: 76.436951 | AJ14: 4722.1594 | AK14: 79.625177 | AL14: 4726.5396 | AM14: 72.529892 | AN14: 4733.5079
A15: =("№"&B6&" - "&A6) -> №5 - ERR15 | B15: 24-03-27 14:06:13 | D15: 2024-09-15 12:09:18.438620 | E15: 2024-09-15 12:24:38.992394 | F15: [0.438620, 0.453832] | G15: =(DATEVALUE(LEFT(E15, 10))-DATEVALUE(LEFT(D15, 10))) * 86400 + (TIMEVALUE(MID(E15, 12, 8)) - TIMEVALUE(MID(D15, 12, 8))) * 86400 + (VALUE(RIGHT(E15, 6)) - VALUE(RIGHT(D15, 6))) / 1000000 -> 920.55377 | H15: =((DATEVALUE(LEFT(D15,10))-DATEVALUE(LEFT(D14,10)))*86400+(TIMEVALUE(MID(D15,12,8))-TIMEVALUE(MID(D14,12,8)))*86400+(VALUE(RIGHT(D15,6))-VALUE(RIGHT(D14,6)))/1000000)/ 60 -> 644.69635 | I15: =(G15 - G14) / H15 * 60 -> 0.85796093 | J15: =(FLOOR(G15, 1) - FLOOR(G14, 1)) / H15 * 60 -> 0.83760363 | M15: =M14 + H15 -> 4115.6537 | N15: =(MID(F15, 2, 7) + MID(F15, 12, 8)) / 2 -> 0.446226 | Y15: 76.812419 | Z15: 5506.9531 | AA15: 78.031981 | AB15: 5476.4495 | AC15: 78.031981 | AD15: 5476.4495 | AE15: 78.031535 | AF15: 5477.5828 | AG15: 81.562302 | AH15: 5478.2573 | AI15: 89.030972 | AJ15: 5478.3495 | AK15: 92.656444 | AL15: 5478.5057 | AM15: 84.311428 | AN15: 5480.4115
A16: =("№"&B7&" - "&A7) -> №6 - IMG COR LSU | B16: 24-05-27 17:28:36 | D16: 2024-09-15 22:19:10.625739 | E16: 2024-09-15 22:34:39.992276 | F16: [0.640999, 0.656901] | G16: =(DATEVALUE(LEFT(E16, 10))-DATEVALUE(LEFT(D16, 10))) * 86400 + (TIMEVALUE(MID(E16, 12, 8)) - TIMEVALUE(MID(D16, 12, 8))) * 86400 + (VALUE(RIGHT(E16, 6)) - VALUE(RIGHT(D16, 6))) / 1000000 -> 929.36654 | H16: =((DATEVALUE(LEFT(D16,10))-DATEVALUE(LEFT(D15,10)))*86400+(TIMEVALUE(MID(D16,12,8))-TIMEVALUE(MID(D15,12,8)))*86400+(VALUE(RIGHT(D16,6))-VALUE(RIGHT(D15,6)))/1000000)/ 60 -> 609.86979 | I16: =(G16 - G15) / H16 * 60 -> 0.86701423 | J16: =(FLOOR(G16, 1) - FLOOR(G15, 1)) / H16 * 60 -> 0.88543491 | M16: =M15 + H16 -> 4725.5234 | N16: =(MID(F16, 2, 7) + MID(F16, 12, 8)) / 2 -> 0.6489455 | Y16: 122.06078 | Z16: 8650.2323 | AA16: 124.34453 | AB16: 8624.7943 | AC16: 124.34453 | AD16: 8624.7943 | AE16: 124.59409 | AF16: 8649.2234 | AG16: 130.06276 | AH16: 8641.2156 | AI16: 141.84319 | AJ16: 8637.786 | AK16: 147.71906 | AL16: 8653.7547 | AM16: 134.62468 | AN16: 8655.9563
A17: =("№"&B8&" - "&A8) -> №7 - IVAN ERR15 | B17: 24-02-28 16:35:41 | D17: 2024-09-16 11:20:36.406907 | E17: 2024-09-16 11:36:16.992095 | F17: [0.422617, 0.437630] | G17: =(DATEVALUE(LEFT(E17, 10))-DATEVALUE(LEFT(D17, 10))) * 86400 + (TIMEVALUE(MID(E17, 12, 8)) - TIMEVALUE(MID(D17, 12, 8))) * 86400 + (VALUE(RIGHT(E17, 6)) - VALUE(RIGHT(D17, 6))) / 1000000 -> 940.58519 | H17: =((DATEVALUE(LEFT(D17,10))-DATEVALUE(LEFT(D16,10)))*86400+(TIMEVALUE(MID(D17,12,8))-TIMEVALUE(MID(D16,12,8)))*86400+(VALUE(RIGHT(D17,6))-VALUE(RIGHT(D16,6)))/1000000)/ 60 -> 781.42969 | I17: =(G17 - G16) / H17 * 60 -> 0.86139428 | J17: =(FLOOR(G17, 1) - FLOOR(G16, 1)) / H17 * 60 -> 0.84460574 | M17: =M16 + H17 -> 5506.9531 | N17: =(MID(F17, 2, 7) + MID(F17, 12, 8)) / 2 -> 0.43012 | Y17: 141.3752 | Z17: 10090.344 | AA17: 144.06272 | AB17: 10063.982 | AC17: 144.06272 | AD17: 10063.982 | AE17: 144.03119 | AF17: 10069.666 | AG17: 150.62504 | AH17: 10075.956 | AI17: 164.5308 | AJ17: 10081.458 | AK17: 171.15659 | AL17: 10087.897 | AM17: 155.93685 | AN17: 10093.851
A18: =("№"&B9&" - "&A9) -> №8 - AIM TRAINING DEVICE | B18: 24-03-05 12:02:04 | D18: 2024-09-18 15:43:53.160018 | E18: 2024-09-18 16:00:18.993568 | F18: [0.160018, 0.172883] | G18: =(DATEVALUE(LEFT(E18, 10))-DATEVALUE(LEFT(D18, 10))) * 86400 + (TIMEVALUE(MID(E18, 12, 8)) - TIMEVALUE(MID(D18, 12, 8))) * 86400 + (VALUE(RIGHT(E18, 6)) - VALUE(RIGHT(D18, 6))) / 1000000 -> 985.83355 | H18: =((DATEVALUE(LEFT(D18,10))-DATEVALUE(LEFT(D17,10)))*86400+(TIMEVALUE(MID(D18,12,8))-TIMEVALUE(MID(D17,12,8)))*86400+(VALUE(RIGHT(D18,6))-VALUE(RIGHT(D17,6)))/1000000)/ 60 -> 3143.2792 | I18: =(G18 - G17) / H18 * 60 -> 0.86371637 | J18: =(FLOOR(G18, 1) - FLOOR(G17, 1)) / H18 * 60 -> 0.85897555 | M18: =M17 + H18 -> 8650.2323 | N18: =(MID(F18, 2, 7) + MID(F18, 12, 8)) / 2 -> 0.1664465 | AA18: 191.15713 | AB18: 13273.647 | AC18: 191.15713 | AD18: 13273.647 | AE18: 191.09409 | AF18: 13278.798 | AG18: 199.78136 | AH18: 13286.354 | AI18: 218.15605 | AJ18: 13293.864 | AK18: 226.78087 | AL18: 13298.737 | AM18: 206.81183 | AN18: 13305.67
D19: 2024-09-19 15:43:59.844296 | E19: 2024-09-19 16:00:44.992264 | F19: [0.844296, 0.859769] | G19: =(DATEVALUE(LEFT(E19, 10))-DATEVALUE(LEFT(D19, 10))) * 86400 + (TIMEVALUE(MID(E19, 12, 8)) - TIMEVALUE(MID(D19, 12, 8))) * 86400 + (VALUE(RIGHT(E19, 6)) - VALUE(RIGHT(D19, 6))) / 1000000 -> 1005.148 | H19: =((DATEVALUE(LEFT(D19,10))-DATEVALUE(LEFT(D18,10)))*86400+(TIMEVALUE(MID(D19,12,8))-TIMEVALUE(MID(D18,12,8)))*86400+(VALUE(RIGHT(D19,6))-VALUE(RIGHT(D18,6)))/1000000)/ 60 -> 1440.1114 | I19: =(G19 - G18) / H19 * 60 -> 0.80470516 | J19: =(FLOOR(G19, 1) - FLOOR(G18, 1)) / H19 * 60 -> 0.83326887 | M19: =M18 + H19 -> 10090.344 | N19: =(MID(F19, 2, 7) + MID(F19, 12, 8)) / 2 -> 0.8520295 | AA19: 193.68827 | AB19: 13446.755 | AC19: 193.68827 | AD19: 13446.755 | AE19: 193.71883 | AF19: 13456.871 | AG19: 202.40606 | AH19: 13457.777 | AI19: 220.99914 | AJ19: 13464.7 | AK19: 229.71841 | AL19: 13468.788 | AM19: 209.28081 | AN19: 13463.562
A20: Average time drift overall: | P20: Interval average:
A21: =AVERAGE(K3, K27, K51, K75, K99, K123, K147, K181) -> 0.91597471 | P21: =AVERAGE(N3:N185) -> 0.47521439
A23: Average ppm:
A24: =A21 / 3600 * 1000000 -> 254.43742
D25: =("№"&B4&" - "&A4) -> №3 - ACCZERO PBRC
A26: CALM: | B26: CALP: | D26: Actual time | E26: Device time | F26: Interval | G26: Time drift (s) | H26: Time elapsed minutes | I26: Time drift per hour (with ms) | J26: Time drift per hour | K26: Average error (with ms) | L26: Average error (s/hr) | M26: Time from start (minutes)
A27: =IF(A24 > 0, ROUND(A24 / 0.9537, 0), IF(A24 + 488.5 > 0, ROUND((A24 + 488.5) / 0.9537, 0), 0)) -> 267 | B27: =IF(A24 > 0, 0, 1) -> 0 | D27: 2024-09-12 16:02:30.844595 | E27: 2024-09-12 16:36:38.991602 | F27: [0.844595, 0.861392] | G27: =(DATEVALUE(LEFT(E27, 10))-DATEVALUE(LEFT(D27, 10))) * 86400 + (TIMEVALUE(MID(E27, 12, 8)) - TIMEVALUE(MID(D27, 12, 8))) * 86400 + (VALUE(RIGHT(E27, 6)) - VALUE(RIGHT(D27, 6))) / 1000000 -> 2048.147 | K27: =((MAX(G27:G49)-MIN(G27:G49))/SUM(H28:H49)) * 60 -> 0.86424537 | L27: =((FLOOR(MAX(G27:G49), 1)-FLOOR(MIN(G27:G49), 1))/SUM(H28:H49)) * 60 -> 0.8611743 | M27: 0 | N27: =(MID(F27, 2, 7) + MID(F27, 12, 8)) / 2 -> 0.852991
D28: 2024-09-12 17:20:30.688491 | E28: 2024-09-12 17:54:39.992448 | F28: [0.688491, 0.703596] | G28: =(DATEVALUE(LEFT(E28, 10))-DATEVALUE(LEFT(D28, 10))) * 86400 + (TIMEVALUE(MID(E28, 12, 8)) - TIMEVALUE(MID(D28, 12, 8))) * 86400 + (VALUE(RIGHT(E28, 6)) - VALUE(RIGHT(D28, 6))) / 1000000 -> 2049.304 | H28: =((DATEVALUE(LEFT(D28,10))-DATEVALUE(LEFT(D27,10)))*86400+(TIMEVALUE(MID(D28,12,8))-TIMEVALUE(MID(D27,12,8)))*86400+(VALUE(RIGHT(D28,6))-VALUE(RIGHT(D27,6)))/1000000)/ 60 -> 77.997398 | I28: =3600 * (G28-G27) / ((DATEVALUE(LEFT(D28, 10))-DATEVALUE(LEFT(D27, 10))) * 86400 + (TIMEVALUE(MID(D28, 12, 8)) - TIMEVALUE(MID(D27, 12, 8))) * 86400 + (VALUE(RIGHT(D28, 6)) - VALUE(RIGHT(D27, 6))) / 1000000) -> 0.88999122 | J28: =(FLOOR(G28, 1) - FLOOR(G27, 1)) / H28 * 60 -> 0.76925643 | M28: =M27 + H28 -> 77.997398 | N28: =(MID(F28, 2, 7) + MID(F28, 12, 8)) / 2 -> 0.696043
D29: 2024-09-12 18:37:28.563499 | E29: 2024-09-12 19:11:38.992364 | F29: [0.563499, 0.578772] | G29: =(DATEVALUE(LEFT(E29, 10))-DATEVALUE(LEFT(D29, 10))) * 86400 + (TIMEVALUE(MID(E29, 12, 8)) - TIMEVALUE(MID(D29, 12, 8))) * 86400 + (VALUE(RIGHT(E29, 6)) - VALUE(RIGHT(D29, 6))) / 1000000 -> 2050.4289 | H29: =((DATEVALUE(LEFT(D29,10))-DATEVALUE(LEFT(D28,10)))*86400+(TIMEVALUE(MID(D29,12,8))-TIMEVALUE(MID(D28,12,8)))*86400+(VALUE(RIGHT(D29,6))-VALUE(RIGHT(D28,6)))/1000000)/ 60 -> 76.964583 | I29: =3600 * (G29-G28) / ((DATEVALUE(LEFT(D29, 10))-DATEVALUE(LEFT(D28, 10))) * 86400 + (TIMEVALUE(MID(D29, 12, 8)) - TIMEVALUE(MID(D28, 12, 8))) * 86400 + (VALUE(RIGHT(D29, 6)) - VALUE(RIGHT(D28, 6))) / 1000000) -> 0.87695505 | J29: =(FLOOR(G29, 1) - FLOOR(G28, 1)) / H29 * 60 -> 0.77957935 | K29: Average with time set | L29: Average error before measure | M29: =M28 + H29 -> 154.96198 | N29: =(MID(F29, 2, 7) + MID(F29, 12, 8)) / 2 -> 0.571131
D30: 2024-09-12 19:38:46.657944 | E30: 2024-09-12 20:12:57.992703 | F30: [0.657944, 0.672538] | G30: =(DATEVALUE(LEFT(E30, 10))-DATEVALUE(LEFT(D30, 10))) * 86400 + (TIMEVALUE(MID(E30, 12, 8)) - TIMEVALUE(MID(D30, 12, 8))) * 86400 + (VALUE(RIGHT(E30, 6)) - VALUE(RIGHT(D30, 6))) / 1000000 -> 2051.3348 | H30: =((DATEVALUE(LEFT(D30,10))-DATEVALUE(LEFT(D29,10)))*86400+(TIMEVALUE(MID(D30,12,8))-TIMEVALUE(MID(D29,12,8)))*86400+(VALUE(RIGHT(D30,6))-VALUE(RIGHT(D29,6)))/1000000)/ 60 -> 61.301574 | I30: =3600 * (G30-G29) / ((DATEVALUE(LEFT(D30, 10))-DATEVALUE(LEFT(D29, 10))) * 86400 + (TIMEVALUE(MID(D30, 12, 8)) - TIMEVALUE(MID(D29, 12, 8))) * 86400 + (VALUE(RIGHT(D30, 6)) - VALUE(RIGHT(D29, 6))) / 1000000) -> 0.88665978 | J30: =(FLOOR(G30, 1) - FLOOR(G29, 1)) / H30 * 60 -> 0.97876769 | K30: =(MAX(G27:G49) / (DATEDIF(VALUE(DATE(2000 + MID(B13, 1, 2), MID(B13, 4, 2), MID(B13, 7, 2))), VALUE(DATEVALUE(MID(D27, 1, 10)) + TIMEVALUE(MID(D27, 12, 8)) + MID(D27, 21, 6) / 86400000), "d") * 1440 + (TIMEVALUE(MID(D27, 12, 8)) - TIMEVALUE(RIGHT(B13, 8))) * 1440 + MID(D27, 21, 6) / 86400000 + MAX(M27:M49))) * 60 -> 0.9968373 | L30: =(MIN(G27:G49) / (DATEDIF(VALUE(DATE(2000 + MID(B13, 1, 2), MID(B13, 4, 2), MID(B13, 7, 2))), VALUE(DATEVALUE(MID(D27, 1, 10)) + TIMEVALUE(MID(D27, 12, 8)) + MID(D27, 21, 6) / 86400000), "d") * 1440 + (TIMEVALUE(MID(D27, 12, 8)) - TIMEVALUE(RIGHT(B13, 8))) * 1440 + MID(D27, 21, 6) / 86400000)) * 60 -> 1.0115128 | M30: =M29 + H30 -> 216.26356 | N30: =(MID(F30, 2, 7) + MID(F30, 12, 8)) / 2 -> 0.665239
D31: 2024-09-13 00:21:17.532209 | E31: 2024-09-13 00:55:32.992165 | F31: [0.532209, 0.547879] | G31: =(DATEVALUE(LEFT(E31, 10))-DATEVALUE(LEFT(D31, 10))) * 86400 + (TIMEVALUE(MID(E31, 12, 8)) - TIMEVALUE(MID(D31, 12, 8))) * 86400 + (VALUE(RIGHT(E31, 6)) - VALUE(RIGHT(D31, 6))) / 1000000 -> 2055.46 | H31: =((DATEVALUE(LEFT(D31,10))-DATEVALUE(LEFT(D30,10)))*86400+(TIMEVALUE(MID(D31,12,8))-TIMEVALUE(MID(D30,12,8)))*86400+(VALUE(RIGHT(D31,6))-VALUE(RIGHT(D30,6)))/1000000)/ 60 -> 282.51457 | I31: =3600 * (G31-G30) / ((DATEVALUE(LEFT(D31, 10))-DATEVALUE(LEFT(D30, 10))) * 86400 + (TIMEVALUE(MID(D31, 12, 8)) - TIMEVALUE(MID(D30, 12, 8))) * 86400 + (VALUE(RIGHT(D31, 6)) - VALUE(RIGHT(D30, 6))) / 1000000) -> 0.87610285 | J31: =(FLOOR(G31, 1) - FLOOR(G30, 1)) / H31 * 60 -> 0.84951371 | M31: =M30 + H31 -> 498.77813 | N31: =(MID(F31, 2, 7) + MID(F31, 12, 8)) / 2 -> 0.5400395
D32: 2024-09-13 10:38:52.750590 | E32: 2024-09-13 11:13:14.992419 | F32: [0.750590, 0.765752] | G32: =(DATEVALUE(LEFT(E32, 10))-DATEVALUE(LEFT(D32, 10))) * 86400 + (TIMEVALUE(MID(E32, 12, 8)) - TIMEVALUE(MID(D32, 12, 8))) * 86400 + (VALUE(RIGHT(E32, 6)) - VALUE(RIGHT(D32, 6))) / 1000000 -> 2062.2418 | H32: =((DATEVALUE(LEFT(D32,10))-DATEVALUE(LEFT(D31,10)))*86400+(TIMEVALUE(MID(D32,12,8))-TIMEVALUE(MID(D31,12,8)))*86400+(VALUE(RIGHT(D32,6))-VALUE(RIGHT(D31,6)))/1000000)/ 60 -> 617.58697 | I32: =3600 * (G32-G31) / ((DATEVALUE(LEFT(D32, 10))-DATEVALUE(LEFT(D31, 10))) * 86400 + (TIMEVALUE(MID(D32, 12, 8)) - TIMEVALUE(MID(D31, 12, 8))) * 86400 + (VALUE(RIGHT(D32, 6)) - VALUE(RIGHT(D31, 6))) / 1000000) -> 0.65887462 | J32: =(FLOOR(G32, 1) - FLOOR(G31, 1)) / H32 * 60 -> 0.68006616 | K32: Standard Deviation | M32: =M31 + H32 -> 1116.3651 | N32: =(MID(F32, 2, 7) + MID(F32, 12, 8)) / 2 -> 0.758171
D33: 2024-09-13 12:22:57.219903 | E33: 2024-09-13 12:57:20.992420 | F33: [0.219903, 0.235062] | G33: =(DATEVALUE(LEFT(E33, 10))-DATEVALUE(LEFT(D33, 10))) * 86400 + (TIMEVALUE(MID(E33, 12, 8)) - TIMEVALUE(MID(D33, 12, 8))) * 86400 + (VALUE(RIGHT(E33, 6)) - VALUE(RIGHT(D33, 6))) / 1000000 -> 2063.7725 | H33: =((DATEVALUE(LEFT(D33,10))-DATEVALUE(LEFT(D32,10)))*86400+(TIMEVALUE(MID(D33,12,8))-TIMEVALUE(MID(D32,12,8)))*86400+(VALUE(RIGHT(D33,6))-VALUE(RIGHT(D32,6)))/1000000)/ 60 -> 104.07449 | I33: =3600 * (G33-G32) / ((DATEVALUE(LEFT(D33, 10))-DATEVALUE(LEFT(D32, 10))) * 86400 + (TIMEVALUE(MID(D33, 12, 8)) - TIMEVALUE(MID(D32, 12, 8))) * 86400 + (VALUE(RIGHT(D33, 6)) - VALUE(RIGHT(D32, 6))) / 1000000) -> 0.88245718 | J33: =(FLOOR(G33, 1) - FLOOR(G32, 1)) / H33 * 60 -> 0.57651016 | K33: =_xlfn.STDEV.P(I28:I48) -> 0.052133425 | M33: =M32 + H33 -> 1220.4396 | N33: =(MID(F33, 2, 7) + MID(F33, 12, 8)) / 2 -> 0.227481
D34: 2024-09-13 13:24:52.313229 | E34: 2024-09-13 13:59:16.992248 | F34: [0.313229, 0.328733] | G34: =(DATEVALUE(LEFT(E34, 10))-DATEVALUE(LEFT(D34, 10))) * 86400 + (TIMEVALUE(MID(E34, 12, 8)) - TIMEVALUE(MID(D34, 12, 8))) * 86400 + (VALUE(RIGHT(E34, 6)) - VALUE(RIGHT(D34, 6))) / 1000000 -> 2064.679 | H34: =((DATEVALUE(LEFT(D34,10))-DATEVALUE(LEFT(D33,10)))*86400+(TIMEVALUE(MID(D34,12,8))-TIMEVALUE(MID(D33,12,8)))*86400+(VALUE(RIGHT(D34,6))-VALUE(RIGHT(D33,6)))/1000000)/ 60 -> 61.918222 | I34: =3600 * (G34-G33) / ((DATEVALUE(LEFT(D34, 10))-DATEVALUE(LEFT(D33, 10))) * 86400 + (TIMEVALUE(MID(D34, 12, 8)) - TIMEVALUE(MID(D33, 12, 8))) * 86400 + (VALUE(RIGHT(D34, 6)) - VALUE(RIGHT(D33, 6))) / 1000000) -> 0.87841863 | J34: =(FLOOR(G34, 1) - FLOOR(G33, 1)) / H34 * 60 -> 0.96902007 | M34: =M33 + H34 -> 1282.3578 | N34: =(MID(F34, 2, 7) + MID(F34, 12, 8)) / 2 -> 0.3209765
D35: 2024-09-13 17:00:16.157644 | E35: 2024-09-13 17:34:43.992635 | F35: [0.157644, 0.172374] | G35: =(DATEVALUE(LEFT(E35, 10))-DATEVALUE(LEFT(D35, 10))) * 86400 + (TIMEVALUE(MID(E35, 12, 8)) - TIMEVALUE(MID(D35, 12, 8))) * 86400 + (VALUE(RIGHT(E35, 6)) - VALUE(RIGHT(D35, 6))) / 1000000 -> 2067.835 | H35: =((DATEVALUE(LEFT(D35,10))-DATEVALUE(LEFT(D34,10)))*86400+(TIMEVALUE(MID(D35,12,8))-TIMEVALUE(MID(D34,12,8)))*86400+(VALUE(RIGHT(D35,6))-VALUE(RIGHT(D34,6)))/1000000)/ 60 -> 215.39741 | I35: =3600 * (G35-G34) / ((DATEVALUE(LEFT(D35, 10))-DATEVALUE(LEFT(D34, 10))) * 86400 + (TIMEVALUE(MID(D35, 12, 8)) - TIMEVALUE(MID(D34, 12, 8))) * 86400 + (VALUE(RIGHT(D35, 6)) - VALUE(RIGHT(D34, 6))) / 1000000) -> 0.87911142 | J35: =(FLOOR(G35, 1) - FLOOR(G34, 1)) / H35 * 60 -> 0.83566466 | M35: =M34 + H35 -> 1497.7552 | N35: =(MID(F35, 2, 7) + MID(F35, 12, 8)) / 2 -> 0.165007
D36: 2024-09-14 13:04:31.532492 | E36: 2024-09-14 13:39:16.992400 | F36: [0.532492, 0.547691] | G36: =(DATEVALUE(LEFT(E36, 10))-DATEVALUE(LEFT(D36, 10))) * 86400 + (TIMEVALUE(MID(E36, 12, 8)) - TIMEVALUE(MID(D36, 12, 8))) * 86400 + (VALUE(RIGHT(E36, 6)) - VALUE(RIGHT(D36, 6))) / 1000000 -> 2085.4599 | H36: =((DATEVALUE(LEFT(D36,10))-DATEVALUE(LEFT(D35,10)))*86400+(TIMEVALUE(MID(D36,12,8))-TIMEVALUE(MID(D35,12,8)))*86400+(VALUE(RIGHT(D36,6))-VALUE(RIGHT(D35,6)))/1000000)/ 60 -> 1204.2562 | I36: =3600 * (G36-G35) / ((DATEVALUE(LEFT(D36, 10))-DATEVALUE(LEFT(D35, 10))) * 86400 + (TIMEVALUE(MID(D36, 12, 8)) - TIMEVALUE(MID(D35, 12, 8))) * 86400 + (VALUE(RIGHT(D36, 6)) - VALUE(RIGHT(D35, 6))) / 1000000) -> 0.87813123 | J36: =(FLOOR(G36, 1) - FLOOR(G35, 1)) / H36 * 60 -> 0.8968191 | M36: =M35 + H36 -> 2702.0115 | N36: =(MID(F36, 2, 7) + MID(F36, 12, 8)) / 2 -> 0.5400905
D37: 2024-09-14 15:08:32.688717 | E37: 2024-09-14 15:43:19.992576 | F37: [0.703861, 0.719105] | G37: =(DATEVALUE(LEFT(E37, 10))-DATEVALUE(LEFT(D37, 10))) * 86400 + (TIMEVALUE(MID(E37, 12, 8)) - TIMEVALUE(MID(D37, 12, 8))) * 86400 + (VALUE(RIGHT(E37, 6)) - VALUE(RIGHT(D37, 6))) / 1000000 -> 2087.3039 | H37: =((DATEVALUE(LEFT(D37,10))-DATEVALUE(LEFT(D36,10)))*86400+(TIMEVALUE(MID(D37,12,8))-TIMEVALUE(MID(D36,12,8)))*86400+(VALUE(RIGHT(D37,6))-VALUE(RIGHT(D36,6)))/1000000)/ 60 -> 124.01927 | I37: =3600 * (G37-G36) / ((DATEVALUE(LEFT(D37, 10))-DATEVALUE(LEFT(D36, 10))) * 86400 + (TIMEVALUE(MID(D37, 12, 8)) - TIMEVALUE(MID(D36, 12, 8))) * 86400 + (VALUE(RIGHT(D37, 6)) - VALUE(RIGHT(D36, 6))) / 1000000) -> 0.89209572 | J37: =(FLOOR(G37, 1) - FLOOR(G36, 1)) / H37 * 60 -> 0.96759157 | M37: =M36 + H37 -> 2826.0307 | N37: =(MID(F37, 2, 7) + MID(F37, 12, 8)) / 2 -> 0.7114825
D38: 2024-09-15 01:26:35.594115 | E38: 2024-09-15 02:01:31.992216 | F38: [0.609950, 0.625116] | G38: =(DATEVALUE(LEFT(E38, 10))-DATEVALUE(LEFT(D38, 10))) * 86400 + (TIMEVALUE(MID(E38, 12, 8)) - TIMEVALUE(MID(D38, 12, 8))) * 86400 + (VALUE(RIGHT(E38, 6)) - VALUE(RIGHT(D38, 6))) / 1000000 -> 2096.3981 | H38: =((DATEVALUE(LEFT(D38,10))-DATEVALUE(LEFT(D37,10)))*86400+(TIMEVALUE(MID(D38,12,8))-TIMEVALUE(MID(D37,12,8)))*86400+(VALUE(RIGHT(D38,6))-VALUE(RIGHT(D37,6)))/1000000)/ 60 -> 618.04842 | I38: =3600 * (G38-G37) / ((DATEVALUE(LEFT(D38, 10))-DATEVALUE(LEFT(D37, 10))) * 86400 + (TIMEVALUE(MID(D38, 12, 8)) - TIMEVALUE(MID(D37, 12, 8))) * 86400 + (VALUE(RIGHT(D38, 6)) - VALUE(RIGHT(D37, 6))) / 1000000) -> 0.88286694 | J38: =(FLOOR(G38, 1) - FLOOR(G37, 1)) / H38 * 60 -> 0.87371795 | M38: =M37 + H38 -> 3444.0792 | N38: =(MID(F38, 2, 7) + MID(F38, 12, 8)) / 2 -> 0.617533
D39: 2024-09-15 12:12:19.156723 | E39: 2024-09-15 12:47:24.992338 | F39: [0.172439, 0.188944] | G39: =(DATEVALUE(LEFT(E39, 10))-DATEVALUE(LEFT(D39, 10))) * 86400 + (TIMEVALUE(MID(E39, 12, 8)) - TIMEVALUE(MID(D39, 12, 8))) * 86400 + (VALUE(RIGHT(E39, 6)) - VALUE(RIGHT(D39, 6))) / 1000000 -> 2105.8356 | H39: =((DATEVALUE(LEFT(D39,10))-DATEVALUE(LEFT(D38,10)))*86400+(TIMEVALUE(MID(D39,12,8))-TIMEVALUE(MID(D38,12,8)))*86400+(VALUE(RIGHT(D39,6))-VALUE(RIGHT(D38,6)))/1000000)/ 60 -> 645.72604 | I39: =3600 * (G39-G38) / ((DATEVALUE(LEFT(D39, 10))-DATEVALUE(LEFT(D38, 10))) * 86400 + (TIMEVALUE(MID(D39, 12, 8)) - TIMEVALUE(MID(D38, 12, 8))) * 86400 + (VALUE(RIGHT(D39, 6)) - VALUE(RIGHT(D38, 6))) / 1000000) -> 0.87692117 | J39: =(FLOOR(G39, 1) - FLOOR(G38, 1)) / H39 * 60 -> 0.83626796 | M39: =M38 + H39 -> 4089.8052 | N39: =(MID(F39, 2, 7) + MID(F39, 12, 8)) / 2 -> 0.180687
D40: 2024-09-15 22:24:06.159025 | E40: 2024-09-15 22:59:20.993478 | F40: [0.159025, 0.172070] | G40: =(DATEVALUE(LEFT(E40, 10))-DATEVALUE(LEFT(D40, 10))) * 86400 + (TIMEVALUE(MID(E40, 12, 8)) - TIMEVALUE(MID(D40, 12, 8))) * 86400 + (VALUE(RIGHT(E40, 6)) - VALUE(RIGHT(D40, 6))) / 1000000 -> 2114.8345 | H40: =((DATEVALUE(LEFT(D40,10))-DATEVALUE(LEFT(D39,10)))*86400+(TIMEVALUE(MID(D40,12,8))-TIMEVALUE(MID(D39,12,8)))*86400+(VALUE(RIGHT(D40,6))-VALUE(RIGHT(D39,6)))/1000000)/ 60 -> 611.78337 | I40: =3600 * (G40-G39) / ((DATEVALUE(LEFT(D40, 10))-DATEVALUE(LEFT(D39, 10))) * 86400 + (TIMEVALUE(MID(D40, 12, 8)) - TIMEVALUE(MID(D39, 12, 8))) * 86400 + (VALUE(RIGHT(D40, 6)) - VALUE(RIGHT(D39, 6))) / 1000000) -> 0.88255141 | J40: =(FLOOR(G40, 1) - FLOOR(G39, 1)) / H40 * 60 -> 0.88266538 | M40: =M39 + H40 -> 4701.5886 | N40: =(MID(F40, 2, 7) + MID(F40, 12, 8)) / 2 -> 0.165545
D41: 2024-09-16 11:18:57.813008 | E41: 2024-09-16 11:54:23.991996 | F41: [0.813008, 0.829016] | G41: =(DATEVALUE(LEFT(E41, 10))-DATEVALUE(LEFT(D41, 10))) * 86400 + (TIMEVALUE(MID(E41, 12, 8)) - TIMEVALUE(MID(D41, 12, 8))) * 86400 + (VALUE(RIGHT(E41, 6)) - VALUE(RIGHT(D41, 6))) / 1000000 -> 2126.179 | H41: =((DATEVALUE(LEFT(D41,10))-DATEVALUE(LEFT(D40,10)))*86400+(TIMEVALUE(MID(D41,12,8))-TIMEVALUE(MID(D40,12,8)))*86400+(VALUE(RIGHT(D41,6))-VALUE(RIGHT(D40,6)))/1000000)/ 60 -> 774.8609 | I41: =3600 * (G41-G40) / ((DATEVALUE(LEFT(D41, 10))-DATEVALUE(LEFT(D40, 10))) * 86400 + (TIMEVALUE(MID(D41, 12, 8)) - TIMEVALUE(MID(D40, 12, 8))) * 86400 + (VALUE(RIGHT(D41, 6)) - VALUE(RIGHT(D40, 6))) / 1000000) -> 0.87844425 | J41: =(FLOOR(G41, 1) - FLOOR(G40, 1)) / H41 * 60 -> 0.92919903 | M41: =M40 + H41 -> 5476.4495 | N41: =(MID(F41, 2, 7) + MID(F41, 12, 8)) / 2 -> 0.821008
D42: 2024-09-18 15:47:18.500789 | E42: 2024-09-18 16:23:30.992329 | F42: [0.516040, 0.531813] | G42: =(DATEVALUE(LEFT(E42, 10))-DATEVALUE(LEFT(D42, 10))) * 86400 + (TIMEVALUE(MID(E42, 12, 8)) - TIMEVALUE(MID(D42, 12, 8))) * 86400 + (VALUE(RIGHT(E42, 6)) - VALUE(RIGHT(D42, 6))) / 1000000 -> 2172.4915 | H42: =((DATEVALUE(LEFT(D42,10))-DATEVALUE(LEFT(D41,10)))*86400+(TIMEVALUE(MID(D42,12,8))-TIMEVALUE(MID(D41,12,8)))*86400+(VALUE(RIGHT(D42,6))-VALUE(RIGHT(D41,6)))/1000000)/ 60 -> 3148.3448 | I42: =3600 * (G42-G41) / ((DATEVALUE(LEFT(D42, 10))-DATEVALUE(LEFT(D41, 10))) * 86400 + (TIMEVALUE(MID(D42, 12, 8)) - TIMEVALUE(MID(D41, 12, 8))) * 86400 + (VALUE(RIGHT(D42, 6)) - VALUE(RIGHT(D41, 6))) / 1000000) -> 0.88260762 | J42: =(FLOOR(G42, 1) - FLOOR(G41, 1)) / H42 * 60 -> 0.87665112 | M42: =M41 + H42 -> 8624.7943 | N42: =(MID(F42, 2, 7) + MID(F42, 12, 8)) / 2 -> 0.5239265
D43: 2024-09-19 15:46:29.782647 | E43: 2024-09-19 16:23:01.992372 | F43: [0.782647, 0.797903] | G43: =(DATEVALUE(LEFT(E43, 10))-DATEVALUE(LEFT(D43, 10))) * 86400 + (TIMEVALUE(MID(E43, 12, 8)) - TIMEVALUE(MID(D43, 12, 8))) * 86400 + (VALUE(RIGHT(E43, 6)) - VALUE(RIGHT(D43, 6))) / 1000000 -> 2192.2097 | H43: =((DATEVALUE(LEFT(D43,10))-DATEVALUE(LEFT(D42,10)))*86400+(TIMEVALUE(MID(D43,12,8))-TIMEVALUE(MID(D42,12,8)))*86400+(VALUE(RIGHT(D43,6))-VALUE(RIGHT(D42,6)))/1000000)/ 60 -> 1439.188 | I43: =3600 * (G43-G42) / ((DATEVALUE(LEFT(D43, 10))-DATEVALUE(LEFT(D42, 10))) * 86400 + (TIMEVALUE(MID(D43, 12, 8)) - TIMEVALUE(MID(D42, 12, 8))) * 86400 + (VALUE(RIGHT(D43, 6)) - VALUE(RIGHT(D42, 6))) / 1000000) -> 0.82205457 | J43: =(FLOOR(G43, 1) - FLOOR(G42, 1)) / H43 * 60 -> 0.83380349 | M43: =M42 + H43 -> 10063.982 | N43: =(MID(F43, 2, 7) + MID(F43, 12, 8)) / 2 -> 0.7902715
D44: 2024-09-21 21:16:09.687953 | E44: 2024-09-21 21:53:28.992089 | F44: [0.687953, 0.703775] | G44: =(DATEVALUE(LEFT(E44, 10))-DATEVALUE(LEFT(D44, 10))) * 86400 + (TIMEVALUE(MID(E44, 12, 8)) - TIMEVALUE(MID(D44, 12, 8))) * 86400 + (VALUE(RIGHT(E44, 6)) - VALUE(RIGHT(D44, 6))) / 1000000 -> 2239.3041 | H44: =((DATEVALUE(LEFT(D44,10))-DATEVALUE(LEFT(D43,10)))*86400+(TIMEVALUE(MID(D44,12,8))-TIMEVALUE(MID(D43,12,8)))*86400+(VALUE(RIGHT(D44,6))-VALUE(RIGHT(D43,6)))/1000000)/ 60 -> 3209.6651 | I44: =3600 * (G44-G43) / ((DATEVALUE(LEFT(D44, 10))-DATEVALUE(LEFT(D43, 10))) * 86400 + (TIMEVALUE(MID(D44, 12, 8)) - TIMEVALUE(MID(D43, 12, 8))) * 86400 + (VALUE(RIGHT(D44, 6)) - VALUE(RIGHT(D43, 6))) / 1000000) -> 0.88036122 | J44: =(FLOOR(G44, 1) - FLOOR(G43, 1)) / H44 * 60 -> 0.87859634 | M44: =M43 + H44 -> 13273.647 | N44: =(MID(F44, 2, 7) + MID(F44, 12, 8)) / 2 -> 0.6958625
D45: 2024-09-22 00:09:16.156929 | E45: 2024-09-22 00:46:37.992202 | F45: [0.156929, 0.172525] | G45: =(DATEVALUE(LEFT(E45, 10))-DATEVALUE(LEFT(D45, 10))) * 86400 + (TIMEVALUE(MID(E45, 12, 8)) - TIMEVALUE(MID(D45, 12, 8))) * 86400 + (VALUE(RIGHT(E45, 6)) - VALUE(RIGHT(D45, 6))) / 1000000 -> 2241.8353 | H45: =((DATEVALUE(LEFT(D45,10))-DATEVALUE(LEFT(D44,10)))*86400+(TIMEVALUE(MID(D45,12,8))-TIMEVALUE(MID(D44,12,8)))*86400+(VALUE(RIGHT(D45,6))-VALUE(RIGHT(D44,6)))/1000000)/ 60 -> 173.10782 | I45: =3600 * (G45-G44) / ((DATEVALUE(LEFT(D45, 10))-DATEVALUE(LEFT(D44, 10))) * 86400 + (TIMEVALUE(MID(D45, 12, 8)) - TIMEVALUE(MID(D44, 12, 8))) * 86400 + (VALUE(RIGHT(D45, 6)) - VALUE(RIGHT(D44, 6))) / 1000000) -> 0.87730423 | J45: =(FLOOR(G45, 1) - FLOOR(G44, 1)) / H45 * 60 -> 0.6932096 | M45: =M44 + H45 -> 13446.755 | N45: =(MID(F45, 2, 7) + MID(F45, 12, 8)) / 2 -> 0.1647225
D49: =("№"&B5&" - "&A5) -> №4 - IMGCOF
D50: Actual time | E50: Device time | F50: Interval | G50: Time drift (s) | H50: Time elapsed minutes | I50: Time drift per hour (with ms) | J50: Time drift per hour | K50: Average error (with ms) | L50: Average error (s/hr) | M50: Time from start (minutes)
D51: 2024-09-12 15:59:47.844268 | E51: 2024-09-12 16:49:37.991776 | F51: [0.844268, 0.860717] | G51: =(DATEVALUE(LEFT(E51, 10))-DATEVALUE(LEFT(D51, 10))) * 86400 + (TIMEVALUE(MID(E51, 12, 8)) - TIMEVALUE(MID(D51, 12, 8))) * 86400 + (VALUE(RIGHT(E51, 6)) - VALUE(RIGHT(D51, 6))) / 1000000 -> 2990.1475 | K51: =((MAX(G51:G73)-MIN(G51:G73))/SUM(H52:H73)) * 60 -> 0.86373195 | L51: =((FLOOR(MAX(G51:G73), 1)-FLOOR(MIN(G51:G73), 1))/SUM(H52:H73)) * 60 -> 0.86052692 | M51: 0 | N51: =(MID(F51, 2, 7) + MID(F51, 12, 8)) / 2 -> 0.8524885
D52: 2024-09-12 17:23:06.656844 | E52: 2024-09-12 18:12:58.992390 | F52: [0.656844, 0.672063] | G52: =(DATEVALUE(LEFT(E52, 10))-DATEVALUE(LEFT(D52, 10))) * 86400 + (TIMEVALUE(MID(E52, 12, 8)) - TIMEVALUE(MID(D52, 12, 8))) * 86400 + (VALUE(RIGHT(E52, 6)) - VALUE(RIGHT(D52, 6))) / 1000000 -> 2992.3355 | H52: =((DATEVALUE(LEFT(D52,10))-DATEVALUE(LEFT(D51,10)))*86400+(TIMEVALUE(MID(D52,12,8))-TIMEVALUE(MID(D51,12,8)))*86400+(VALUE(RIGHT(D52,6))-VALUE(RIGHT(D51,6)))/1000000)/ 60 -> 83.313543 | I52: =3600 * (G52-G51) / ((DATEVALUE(LEFT(D52, 10))-DATEVALUE(LEFT(D51, 10))) * 86400 + (TIMEVALUE(MID(D52, 12, 8)) - TIMEVALUE(MID(D51, 12, 8))) * 86400 + (VALUE(RIGHT(D52, 6)) - VALUE(RIGHT(D51, 6))) / 1000000) -> 1.5757616 | J52: =(FLOOR(G52, 1) - FLOOR(G51, 1)) / H52 * 60 -> 1.4403421 | M52: =M51 + H52 -> 83.313543 | N52: =(MID(F52, 2, 7) + MID(F52, 12, 8)) / 2 -> 0.6644515
D53: 2024-09-12 18:39:22.470122 | E53: 2024-09-12 19:29:14.992598 | F53: [0.470122, 0.484925] | G53: =(DATEVALUE(LEFT(E53, 10))-DATEVALUE(LEFT(D53, 10))) * 86400 + (TIMEVALUE(MID(E53, 12, 8)) - TIMEVALUE(MID(D53, 12, 8))) * 86400 + (VALUE(RIGHT(E53, 6)) - VALUE(RIGHT(D53, 6))) / 1000000 -> 2992.5225 | H53: =((DATEVALUE(LEFT(D53,10))-DATEVALUE(LEFT(D52,10)))*86400+(TIMEVALUE(MID(D53,12,8))-TIMEVALUE(MID(D52,12,8)))*86400+(VALUE(RIGHT(D53,6))-VALUE(RIGHT(D52,6)))/1000000)/ 60 -> 76.263555 | I53: =3600 * (G53-G52) / ((DATEVALUE(LEFT(D53, 10))-DATEVALUE(LEFT(D52, 10))) * 86400 + (TIMEVALUE(MID(D53, 12, 8)) - TIMEVALUE(MID(D52, 12, 8))) * 86400 + (VALUE(RIGHT(D53, 6)) - VALUE(RIGHT(D52, 6))) / 1000000) -> 0.14706632 | J53: =(FLOOR(G53, 1) - FLOOR(G52, 1)) / H53 * 60 -> 0 | K53: Average with time set | L53: Average error before measure | M53: =M52 + H53 -> 159.5771 | N53: =(MID(F53, 2, 7) + MID(F53, 12, 8)) / 2 -> 0.4775225
D54: 2024-09-12 19:40:45.563728 | E54: 2024-09-12 20:30:38.992590 | F54: [0.563728, 0.578548] | G54: =(DATEVALUE(LEFT(E54, 10))-DATEVALUE(LEFT(D54, 10))) * 86400 + (TIMEVALUE(MID(E54, 12, 8)) - TIMEVALUE(MID(D54, 12, 8))) * 86400 + (VALUE(RIGHT(E54, 6)) - VALUE(RIGHT(D54, 6))) / 1000000 -> 2993.4289 | H54: =((DATEVALUE(LEFT(D54,10))-DATEVALUE(LEFT(D53,10)))*86400+(TIMEVALUE(MID(D54,12,8))-TIMEVALUE(MID(D53,12,8)))*86400+(VALUE(RIGHT(D54,6))-VALUE(RIGHT(D53,6)))/1000000)/ 60 -> 61.384893 | I54: =3600 * (G54-G53) / ((DATEVALUE(LEFT(D54, 10))-DATEVALUE(LEFT(D53, 10))) * 86400 + (TIMEVALUE(MID(D54, 12, 8)) - TIMEVALUE(MID(D53, 12, 8))) * 86400 + (VALUE(RIGHT(D54, 6)) - VALUE(RIGHT(D53, 6))) / 1000000) -> 0.88593719 | J54: =(FLOOR(G54, 1) - FLOOR(G53, 1)) / H54 * 60 -> 0.97743918 | K54: =(MAX(G51:G72)/(DATEDIF(VALUE(DATE(2000+MID(B14,1,2),MID(B14,4,2),MID(B14,7,2))),VALUE(DATEVALUE(MID(D51,1,10))+TIMEVALUE(MID(D51,12,8))+MID(D51,21,6)/86400000),"d")*1440+(TIMEVALUE(MID(D51,12,8))-TIMEVALUE(RIGHT(B14,8)))*1440+MID(D51,21,6)/86400000+MAX(M51:M72))*60) -> 0.86962563 | L54: =(MIN(G51:G72)/(DATEDIF(VALUE(DATE(2000+MID(B14,1,2),MID(B14,4,2),MID(B14,7,2))),VALUE(DATEVALUE(MID(D51,1,10))+TIMEVALUE(MID(D51,12,8))+MID(D51,21,6)/86400000),"d")*1440+(TIMEVALUE(MID(D51,12,8))-TIMEVALUE(RIGHT(B14,8)))*1440+MID(D51,21,6)/86400000)*60) -> 0.87001024 | M54: =M53 + H54 -> 220.96199 | N54: =(MID(F54, 2, 7) + MID(F54, 12, 8)) / 2 -> 0.571134
D55: 2024-09-13 00:23:45.438133 | E55: 2024-09-13 01:13:42.984136 | F55: [0.438133, 0.469862] | G55: =(DATEVALUE(LEFT(E55, 10))-DATEVALUE(LEFT(D55, 10))) * 86400 + (TIMEVALUE(MID(E55, 12, 8)) - TIMEVALUE(MID(D55, 12, 8))) * 86400 + (VALUE(RIGHT(E55, 6)) - VALUE(RIGHT(D55, 6))) / 1000000 -> 2997.546 | H55: =((DATEVALUE(LEFT(D55,10))-DATEVALUE(LEFT(D54,10)))*86400+(TIMEVALUE(MID(D55,12,8))-TIMEVALUE(MID(D54,12,8)))*86400+(VALUE(RIGHT(D55,6))-VALUE(RIGHT(D54,6)))/1000000)/ 60 -> 282.99791 | I55: =3600 * (G55-G54) / ((DATEVALUE(LEFT(D55, 10))-DATEVALUE(LEFT(D54, 10))) * 86400 + (TIMEVALUE(MID(D55, 12, 8)) - TIMEVALUE(MID(D54, 12, 8))) * 86400 + (VALUE(RIGHT(D55, 6)) - VALUE(RIGHT(D54, 6))) / 1000000) -> 0.87289854 | J55: =(FLOOR(G55, 1) - FLOOR(G54, 1)) / H55 * 60 -> 0.84806281 | M55: =M54 + H55 -> 503.9599 | N55: =(MID(F55, 2, 7) + MID(F55, 12, 8)) / 2 -> 0.453996
D56: 2024-09-13 10:42:07.658626 | E56: 2024-09-13 11:32:11.993066 | F56: [0.658626, 0.672495] | G56: =(DATEVALUE(LEFT(E56, 10))-DATEVALUE(LEFT(D56, 10))) * 86400 + (TIMEVALUE(MID(E56, 12, 8)) - TIMEVALUE(MID(D56, 12, 8))) * 86400 + (VALUE(RIGHT(E56, 6)) - VALUE(RIGHT(D56, 6))) / 1000000 -> 3004.3344 | H56: =((DATEVALUE(LEFT(D56,10))-DATEVALUE(LEFT(D55,10)))*86400+(TIMEVALUE(MID(D56,12,8))-TIMEVALUE(MID(D55,12,8)))*86400+(VALUE(RIGHT(D56,6))-VALUE(RIGHT(D55,6)))/1000000)/ 60 -> 618.37034 | I56: =3600 * (G56-G55) / ((DATEVALUE(LEFT(D56, 10))-DATEVALUE(LEFT(D55, 10))) * 86400 + (TIMEVALUE(MID(D56, 12, 8)) - TIMEVALUE(MID(D55, 12, 8))) * 86400 + (VALUE(RIGHT(D56, 6)) - VALUE(RIGHT(D55, 6))) / 1000000) -> 0.65867684 | J56: =(FLOOR(G56, 1) - FLOOR(G55, 1)) / H56 * 60 -> 0.67920463 | K56: Standard Deviation | M56: =M55 + H56 -> 1122.3302 | N56: =(MID(F56, 2, 7) + MID(F56, 12, 8)) / 2 -> 0.6655575
D57: 2024-09-13 12:20:03.219072 | E57: 2024-09-13 13:10:08.992162 | F57: [0.219072, 0.234747] | G57: =(DATEVALUE(LEFT(E57, 10))-DATEVALUE(LEFT(D57, 10))) * 86400 + (TIMEVALUE(MID(E57, 12, 8)) - TIMEVALUE(MID(D57, 12, 8))) * 86400 + (VALUE(RIGHT(E57, 6)) - VALUE(RIGHT(D57, 6))) / 1000000 -> 3005.7731 | H57: =((DATEVALUE(LEFT(D57,10))-DATEVALUE(LEFT(D56,10)))*86400+(TIMEVALUE(MID(D57,12,8))-TIMEVALUE(MID(D56,12,8)))*86400+(VALUE(RIGHT(D57,6))-VALUE(RIGHT(D56,6)))/1000000)/ 60 -> 97.926007 | I57: =3600 * (G57-G56) / ((DATEVALUE(LEFT(D57, 10))-DATEVALUE(LEFT(D56, 10))) * 86400 + (TIMEVALUE(MID(D57, 12, 8)) - TIMEVALUE(MID(D56, 12, 8))) * 86400 + (VALUE(RIGHT(D57, 6)) - VALUE(RIGHT(D56, 6))) / 1000000) -> 0.88147166 | J57: =(FLOOR(G57, 1) - FLOOR(G56, 1)) / H57 * 60 -> 0.61270751 | K57: =_xlfn.STDEV.P(I52:I72) -> 0.24377554 | M57: =M56 + H57 -> 1220.2562 | N57: =(MID(F57, 2, 7) + MID(F57, 12, 8)) / 2 -> 0.2269085
D58: 2024-09-13 13:23:13.282869 | E58: 2024-09-13 14:13:19.992800 | F58: [0.282869, 0.297269] | G58: =(DATEVALUE(LEFT(E58, 10))-DATEVALUE(LEFT(D58, 10))) * 86400 + (TIMEVALUE(MID(E58, 12, 8)) - TIMEVALUE(MID(D58, 12, 8))) * 86400 + (VALUE(RIGHT(E58, 6)) - VALUE(RIGHT(D58, 6))) / 1000000 -> 3006.7099 | H58: =((DATEVALUE(LEFT(D58,10))-DATEVALUE(LEFT(D57,10)))*86400+(TIMEVALUE(MID(D58,12,8))-TIMEVALUE(MID(D57,12,8)))*86400+(VALUE(RIGHT(D58,6))-VALUE(RIGHT(D57,6)))/1000000)/ 60 -> 63.16773 | I58: =3600 * (G58-G57) / ((DATEVALUE(LEFT(D58, 10))-DATEVALUE(LEFT(D57, 10))) * 86400 + (TIMEVALUE(MID(D58, 12, 8)) - TIMEVALUE(MID(D57, 12, 8))) * 86400 + (VALUE(RIGHT(D58, 6)) - VALUE(RIGHT(D57, 6))) / 1000000) -> 0.88986038 | J58: =(FLOOR(G58, 1) - FLOOR(G57, 1)) / H58 * 60 -> 0.94985209 | M58: =M57 + H58 -> 1283.424 | N58: =(MID(F58, 2, 7) + MID(F58, 12, 8)) / 2 -> 0.2900645
D59: 2024-09-13 16:58:43.125708 | E59: 2024-09-13 17:48:52.992222 | F59: [0.125708, 0.141265] | G59: =(DATEVALUE(LEFT(E59, 10))-DATEVALUE(LEFT(D59, 10))) * 86400 + (TIMEVALUE(MID(E59, 12, 8)) - TIMEVALUE(MID(D59, 12, 8))) * 86400 + (VALUE(RIGHT(E59, 6)) - VALUE(RIGHT(D59, 6))) / 1000000 -> 3009.8665 | H59: =((DATEVALUE(LEFT(D59,10))-DATEVALUE(LEFT(D58,10)))*86400+(TIMEVALUE(MID(D59,12,8))-TIMEVALUE(MID(D58,12,8)))*86400+(VALUE(RIGHT(D59,6))-VALUE(RIGHT(D58,6)))/1000000)/ 60 -> 215.49738 | I59: =3600 * (G59-G58) / ((DATEVALUE(LEFT(D59, 10))-DATEVALUE(LEFT(D58, 10))) * 86400 + (TIMEVALUE(MID(D59, 12, 8)) - TIMEVALUE(MID(D58, 12, 8))) * 86400 + (VALUE(RIGHT(D59, 6)) - VALUE(RIGHT(D58, 6))) / 1000000) -> 0.8788737 | J59: =(FLOOR(G59, 1) - FLOOR(G58, 1)) / H59 * 60 -> 0.83527697 | M59: =M58 + H59 -> 1498.9214 | N59: =(MID(F59, 2, 7) + MID(F59, 12, 8)) / 2 -> 0.1334825
D60: 2024-09-14 13:02:24.531892 | E60: 2024-09-14 13:52:51.992324 | F60: [0.531892, 0.547244] | G60: =(DATEVALUE(LEFT(E60, 10))-DATEVALUE(LEFT(D60, 10))) * 86400 + (TIMEVALUE(MID(E60, 12, 8)) - TIMEVALUE(MID(D60, 12, 8))) * 86400 + (VALUE(RIGHT(E60, 6)) - VALUE(RIGHT(D60, 6))) / 1000000 -> 3027.4604 | H60: =((DATEVALUE(LEFT(D60,10))-DATEVALUE(LEFT(D59,10)))*86400+(TIMEVALUE(MID(D60,12,8))-TIMEVALUE(MID(D59,12,8)))*86400+(VALUE(RIGHT(D60,6))-VALUE(RIGHT(D59,6)))/1000000)/ 60 -> 1203.6901 | I60: =3600 * (G60-G59) / ((DATEVALUE(LEFT(D60, 10))-DATEVALUE(LEFT(D59, 10))) * 86400 + (TIMEVALUE(MID(D60, 12, 8)) - TIMEVALUE(MID(D59, 12, 8))) * 86400 + (VALUE(RIGHT(D60, 6)) - VALUE(RIGHT(D59, 6))) / 1000000) -> 0.87699905 | J60: =(FLOOR(G60, 1) - FLOOR(G59, 1)) / H60 * 60 -> 0.89724091 | M60: =M59 + H60 -> 2702.6115 | N60: =(MID(F60, 2, 7) + MID(F60, 12, 8)) / 2 -> 0.539567
D61: 2024-09-14 15:05:35.687912 | E61: 2024-09-14 15:56:04.992265 | F61: [0.703334, 0.719059] | G61: =(DATEVALUE(LEFT(E61, 10))-DATEVALUE(LEFT(D61, 10))) * 86400 + (TIMEVALUE(MID(E61, 12, 8)) - TIMEVALUE(MID(D61, 12, 8))) * 86400 + (VALUE(RIGHT(E61, 6)) - VALUE(RIGHT(D61, 6))) / 1000000 -> 3029.3044 | H61: =((DATEVALUE(LEFT(D61,10))-DATEVALUE(LEFT(D60,10)))*86400+(TIMEVALUE(MID(D61,12,8))-TIMEVALUE(MID(D60,12,8)))*86400+(VALUE(RIGHT(D61,6))-VALUE(RIGHT(D60,6)))/1000000)/ 60 -> 123.18593 | I61: =3600 * (G61-G60) / ((DATEVALUE(LEFT(D61, 10))-DATEVALUE(LEFT(D60, 10))) * 86400 + (TIMEVALUE(MID(D61, 12, 8)) - TIMEVALUE(MID(D60, 12, 8))) * 86400 + (VALUE(RIGHT(D61, 6)) - VALUE(RIGHT(D60, 6))) / 1000000) -> 0.89811602 | J61: =(FLOOR(G61, 1) - FLOOR(G60, 1)) / H61 * 60 -> 0.9741372 | M61: =M60 + H61 -> 2825.7974 | N61: =(MID(F61, 2, 7) + MID(F61, 12, 8)) / 2 -> 0.7111945
D62: 2024-09-15 01:22:55.625808 | E62: 2024-09-15 02:13:33.992310 | F62: [0.625808, 0.641189] | G62: =(DATEVALUE(LEFT(E62, 10))-DATEVALUE(LEFT(D62, 10))) * 86400 + (TIMEVALUE(MID(E62, 12, 8)) - TIMEVALUE(MID(D62, 12, 8))) * 86400 + (VALUE(RIGHT(E62, 6)) - VALUE(RIGHT(D62, 6))) / 1000000 -> 3038.3665 | H62: =((DATEVALUE(LEFT(D62,10))-DATEVALUE(LEFT(D61,10)))*86400+(TIMEVALUE(MID(D62,12,8))-TIMEVALUE(MID(D61,12,8)))*86400+(VALUE(RIGHT(D62,6))-VALUE(RIGHT(D61,6)))/1000000)/ 60 -> 617.3323 | I62: =3600 * (G62-G61) / ((DATEVALUE(LEFT(D62, 10))-DATEVALUE(LEFT(D61, 10))) * 86400 + (TIMEVALUE(MID(D62, 12, 8)) - TIMEVALUE(MID(D61, 12, 8))) * 86400 + (VALUE(RIGHT(D62, 6)) - VALUE(RIGHT(D61, 6))) / 1000000) -> 0.8807719 | J62: =(FLOOR(G62, 1) - FLOOR(G61, 1)) / H62 * 60 -> 0.87473149 | M62: =M61 + H62 -> 3443.1297 | N62: =(MID(F62, 2, 7) + MID(F62, 12, 8)) / 2 -> 0.6334945
D63: 2024-09-15 12:15:44.095098 | E63: 2024-09-15 13:06:31.992708 | F63: [0.095098, 0.109681] | G63: =(DATEVALUE(LEFT(E63, 10))-DATEVALUE(LEFT(D63, 10))) * 86400 + (TIMEVALUE(MID(E63, 12, 8)) - TIMEVALUE(MID(D63, 12, 8))) * 86400 + (VALUE(RIGHT(E63, 6)) - VALUE(RIGHT(D63, 6))) / 1000000 -> 3047.8976 | H63: =((DATEVALUE(LEFT(D63,10))-DATEVALUE(LEFT(D62,10)))*86400+(TIMEVALUE(MID(D63,12,8))-TIMEVALUE(MID(D62,12,8)))*86400+(VALUE(RIGHT(D63,6))-VALUE(RIGHT(D62,6)))/1000000)/ 60 -> 652.80782 | I63: =3600 * (G63-G62) / ((DATEVALUE(LEFT(D63, 10))-DATEVALUE(LEFT(D62, 10))) * 86400 + (TIMEVALUE(MID(D63, 12, 8)) - TIMEVALUE(MID(D62, 12, 8))) * 86400 + (VALUE(RIGHT(D63, 6)) - VALUE(RIGHT(D62, 6))) / 1000000) -> 0.87601046 | J63: =(FLOOR(G63, 1) - FLOOR(G62, 1)) / H63 * 60 -> 0.82719597 | M63: =M62 + H63 -> 4095.9375 | N63: =(MID(F63, 2, 7) + MID(F63, 12, 8)) / 2 -> 0.1023855
D64: 2024-09-15 22:28:26.063284 | E64: 2024-09-15 23:19:22.992103 | F64: [0.063284, 0.079078] | G64: =(DATEVALUE(LEFT(E64, 10))-DATEVALUE(LEFT(D64, 10))) * 86400 + (TIMEVALUE(MID(E64, 12, 8)) - TIMEVALUE(MID(D64, 12, 8))) * 86400 + (VALUE(RIGHT(E64, 6)) - VALUE(RIGHT(D64, 6))) / 1000000 -> 3056.9288 | H64: =((DATEVALUE(LEFT(D64,10))-DATEVALUE(LEFT(D63,10)))*86400+(TIMEVALUE(MID(D64,12,8))-TIMEVALUE(MID(D63,12,8)))*86400+(VALUE(RIGHT(D64,6))-VALUE(RIGHT(D63,6)))/1000000)/ 60 -> 612.69947 | I64: =3600 * (G64-G63) / ((DATEVALUE(LEFT(D64, 10))-DATEVALUE(LEFT(D63, 10))) * 86400 + (TIMEVALUE(MID(D64, 12, 8)) - TIMEVALUE(MID(D63, 12, 8))) * 86400 + (VALUE(RIGHT(D64, 6)) - VALUE(RIGHT(D63, 6))) / 1000000) -> 0.88440184 | J64: =(FLOOR(G64, 1) - FLOOR(G63, 1)) / H64 * 60 -> 0.88134563 | M64: =M63 + H64 -> 4708.637 | N64: =(MID(F64, 2, 7) + MID(F64, 12, 8)) / 2 -> 0.071179
D65: 2024-09-16 11:17:22.813311 | E65: 2024-09-16 12:08:30.992354 | F65: [0.813311, 0.828603] | G65: =(DATEVALUE(LEFT(E65, 10))-DATEVALUE(LEFT(D65, 10))) * 86400 + (TIMEVALUE(MID(E65, 12, 8)) - TIMEVALUE(MID(D65, 12, 8))) * 86400 + (VALUE(RIGHT(E65, 6)) - VALUE(RIGHT(D65, 6))) / 1000000 -> 3068.179 | H65: =((DATEVALUE(LEFT(D65,10))-DATEVALUE(LEFT(D64,10)))*86400+(TIMEVALUE(MID(D65,12,8))-TIMEVALUE(MID(D64,12,8)))*86400+(VALUE(RIGHT(D65,6))-VALUE(RIGHT(D64,6)))/1000000)/ 60 -> 768.94583 | I65: =3600 * (G65-G64) / ((DATEVALUE(LEFT(D65, 10))-DATEVALUE(LEFT(D64, 10))) * 86400 + (TIMEVALUE(MID(D65, 12, 8)) - TIMEVALUE(MID(D64, 12, 8))) * 86400 + (VALUE(RIGHT(D65, 6)) - VALUE(RIGHT(D64, 6))) / 1000000) -> 0.87784264 | J65: =(FLOOR(G65, 1) - FLOOR(G64, 1)) / H65 * 60 -> 0.93634684 | M65: =M64 + H65 -> 5477.5828 | N65: =(MID(F65, 2, 7) + MID(F65, 12, 8)) / 2 -> 0.8209565
D66: 2024-09-18 16:09:01.250676 | E66: 2024-09-18 17:00:55.992270 | F66: [0.250676, 0.266135] | G66: =(DATEVALUE(LEFT(E66, 10))-DATEVALUE(LEFT(D66, 10))) * 86400 + (TIMEVALUE(MID(E66, 12, 8)) - TIMEVALUE(MID(D66, 12, 8))) * 86400 + (VALUE(RIGHT(E66, 6)) - VALUE(RIGHT(D66, 6))) / 1000000 -> 3114.7416 | H66: =((DATEVALUE(LEFT(D66,10))-DATEVALUE(LEFT(D65,10)))*86400+(TIMEVALUE(MID(D66,12,8))-TIMEVALUE(MID(D65,12,8)))*86400+(VALUE(RIGHT(D66,6))-VALUE(RIGHT(D65,6)))/1000000)/ 60 -> 3171.6406 | I66: =3600 * (G66-G65) / ((DATEVALUE(LEFT(D66, 10))-DATEVALUE(LEFT(D65, 10))) * 86400 + (TIMEVALUE(MID(D66, 12, 8)) - TIMEVALUE(MID(D65, 12, 8))) * 86400 + (VALUE(RIGHT(D66, 6)) - VALUE(RIGHT(D65, 6))) / 1000000) -> 0.88085423 | J66: =(FLOOR(G66, 1) - FLOOR(G65, 1)) / H66 * 60 -> 0.87021209 | M66: =M65 + H66 -> 8649.2234 | N66: =(MID(F66, 2, 7) + MID(F66, 12, 8)) / 2 -> 0.2584025
D67: 2024-09-19 15:49:27.814050 | E67: 2024-09-19 16:41:41.992750 | F67: [0.814050, 0.828551] | G67: =(DATEVALUE(LEFT(E67, 10))-DATEVALUE(LEFT(D67, 10))) * 86400 + (TIMEVALUE(MID(E67, 12, 8)) - TIMEVALUE(MID(D67, 12, 8))) * 86400 + (VALUE(RIGHT(E67, 6)) - VALUE(RIGHT(D67, 6))) / 1000000 -> 3134.1787 | H67: =((DATEVALUE(LEFT(D67,10))-DATEVALUE(LEFT(D66,10)))*86400+(TIMEVALUE(MID(D67,12,8))-TIMEVALUE(MID(D66,12,8)))*86400+(VALUE(RIGHT(D67,6))-VALUE(RIGHT(D66,6)))/1000000)/ 60 -> 1420.4427 | I67: =3600 * (G67-G66) / ((DATEVALUE(LEFT(D67, 10))-DATEVALUE(LEFT(D66, 10))) * 86400 + (TIMEVALUE(MID(D67, 12, 8)) - TIMEVALUE(MID(D66, 12, 8))) * 86400 + (VALUE(RIGHT(D67, 6)) - VALUE(RIGHT(D66, 6))) / 1000000) -> 0.82103019 | J67: =(FLOOR(G67, 1) - FLOOR(G66, 1)) / H67 * 60 -> 0.84480703 | M67: =M66 + H67 -> 10069.666 | N67: =(MID(F67, 2, 7) + MID(F67, 12, 8)) / 2 -> 0.8213005
D68: 2024-09-21 21:18:35.750849 | E68: 2024-09-21 22:11:36.992443 | F68: [0.750849, 0.765962] | G68: =(DATEVALUE(LEFT(E68, 10))-DATEVALUE(LEFT(D68, 10))) * 86400 + (TIMEVALUE(MID(E68, 12, 8)) - TIMEVALUE(MID(D68, 12, 8))) * 86400 + (VALUE(RIGHT(E68, 6)) - VALUE(RIGHT(D68, 6))) / 1000000 -> 3181.2416 | H68: =((DATEVALUE(LEFT(D68,10))-DATEVALUE(LEFT(D67,10)))*86400+(TIMEVALUE(MID(D68,12,8))-TIMEVALUE(MID(D67,12,8)))*86400+(VALUE(RIGHT(D68,6))-VALUE(RIGHT(D67,6)))/1000000)/ 60 -> 3209.1323 | I68: =3600 * (G68-G67) / ((DATEVALUE(LEFT(D68, 10))-DATEVALUE(LEFT(D67, 10))) * 86400 + (TIMEVALUE(MID(D68, 12, 8)) - TIMEVALUE(MID(D67, 12, 8))) * 86400 + (VALUE(RIGHT(D68, 6)) - VALUE(RIGHT(D67, 6))) / 1000000) -> 0.87991812 | J68: =(FLOOR(G68, 1) - FLOOR(G67, 1)) / H68 * 60 -> 0.87874221 | M68: =M67 + H68 -> 13278.798 | N68: =(MID(F68, 2, 7) + MID(F68, 12, 8)) / 2 -> 0.758401
D69: 2024-09-22 00:16:40.125925 | E69: 2024-09-22 01:09:43.992262 | F69: [0.141649, 0.156918] | G69: =(DATEVALUE(LEFT(E69, 10))-DATEVALUE(LEFT(D69, 10))) * 86400 + (TIMEVALUE(MID(E69, 12, 8)) - TIMEVALUE(MID(D69, 12, 8))) * 86400 + (VALUE(RIGHT(E69, 6)) - VALUE(RIGHT(D69, 6))) / 1000000 -> 3183.8663 | H69: =((DATEVALUE(LEFT(D69,10))-DATEVALUE(LEFT(D68,10)))*86400+(TIMEVALUE(MID(D69,12,8))-TIMEVALUE(MID(D68,12,8)))*86400+(VALUE(RIGHT(D69,6))-VALUE(RIGHT(D68,6)))/1000000)/ 60 -> 178.07292 | I69: =3600 * (G69-G68) / ((DATEVALUE(LEFT(D69, 10))-DATEVALUE(LEFT(D68, 10))) * 86400 + (TIMEVALUE(MID(D69, 12, 8)) - TIMEVALUE(MID(D68, 12, 8))) * 86400 + (VALUE(RIGHT(D69, 6)) - VALUE(RIGHT(D68, 6))) / 1000000) -> 0.88438254 | J69: =(FLOOR(G69, 1) - FLOOR(G68, 1)) / H69 * 60 -> 0.67388125 | M69: =M68 + H69 -> 13456.871 | N69: =(MID(F69, 2, 7) + MID(F69, 12, 8)) / 2 -> 0.149279
D73: =("№"&B6&" - "&A6) -> №5 - ERR15
D74: Actual time | E74: Device time | F74: Interval | G74: Time drift (s) | H74: Time elapsed minutes | I74: Time drift per hour (with ms) | J74: Time drift per hour | K74: Average error (with ms) | L74: Average error (s/hr) | M74: Time from start (minutes)
D75: 2024-09-12 15:57:00.875857 | E75: 2024-09-12 16:59:12.992384 | F75: [0.875857, 0.891089] | G75: =(DATEVALUE(LEFT(E75, 10))-DATEVALUE(LEFT(D75, 10))) * 86400 + (TIMEVALUE(MID(E75, 12, 8)) - TIMEVALUE(MID(D75, 12, 8))) * 86400 + (VALUE(RIGHT(E75, 6)) - VALUE(RIGHT(D75, 6))) / 1000000 -> 3732.1165 | K75: =((MAX(G75:G97)-MIN(G75:G97))/SUM(H76:H97)) * 60 -> 0.90240489 | L75: =((FLOOR(MAX(G75:G97), 1)-FLOOR(MIN(G75:G97), 1))/SUM(H76:H97)) * 60 -> 0.90059453 | M75: 0 | N75: =(MID(F75, 2, 7) + MID(F75, 12, 8)) / 2 -> 0.8834695
D76: 2024-09-12 17:33:21.406650 | E76: 2024-09-12 18:35:34.992132 | F76: [0.406650, 0.422385] | G76: =(DATEVALUE(LEFT(E76, 10))-DATEVALUE(LEFT(D76, 10))) * 86400 + (TIMEVALUE(MID(E76, 12, 8)) - TIMEVALUE(MID(D76, 12, 8))) * 86400 + (VALUE(RIGHT(E76, 6)) - VALUE(RIGHT(D76, 6))) / 1000000 -> 3733.5855 | H76: =((DATEVALUE(LEFT(D76,10))-DATEVALUE(LEFT(D75,10)))*86400+(TIMEVALUE(MID(D76,12,8))-TIMEVALUE(MID(D75,12,8)))*86400+(VALUE(RIGHT(D76,6))-VALUE(RIGHT(D75,6)))/1000000)/ 60 -> 96.34218 | I76: =3600 * (G76-G75) / ((DATEVALUE(LEFT(D76, 10))-DATEVALUE(LEFT(D75, 10))) * 86400 + (TIMEVALUE(MID(D76, 12, 8)) - TIMEVALUE(MID(D75, 12, 8))) * 86400 + (VALUE(RIGHT(D76, 6)) - VALUE(RIGHT(D75, 6))) / 1000000) -> 0.91483606 | J76: =(FLOOR(G76, 1) - FLOOR(G75, 1)) / H76 * 60 -> 0.62278018 | M76: =M75 + H76 -> 96.34218 | N76: =(MID(F76, 2, 7) + MID(F76, 12, 8)) / 2 -> 0.4145175
D77: 2024-09-12 18:41:46.345277 | E77: 2024-09-12 19:44:00.992133 | F77: [0.345277, 0.361011] | G77: =(DATEVALUE(LEFT(E77, 10))-DATEVALUE(LEFT(D77, 10))) * 86400 + (TIMEVALUE(MID(E77, 12, 8)) - TIMEVALUE(MID(D77, 12, 8))) * 86400 + (VALUE(RIGHT(E77, 6)) - VALUE(RIGHT(D77, 6))) / 1000000 -> 3734.6469 | H77: =((DATEVALUE(LEFT(D77,10))-DATEVALUE(LEFT(D76,10)))*86400+(TIMEVALUE(MID(D77,12,8))-TIMEVALUE(MID(D76,12,8)))*86400+(VALUE(RIGHT(D77,6))-VALUE(RIGHT(D76,6)))/1000000)/ 60 -> 68.415644 | I77: =3600 * (G77-G76) / ((DATEVALUE(LEFT(D77, 10))-DATEVALUE(LEFT(D76, 10))) * 86400 + (TIMEVALUE(MID(D77, 12, 8)) - TIMEVALUE(MID(D76, 12, 8))) * 86400 + (VALUE(RIGHT(D77, 6)) - VALUE(RIGHT(D76, 6))) / 1000000) -> 0.93081694 | J77: =(FLOOR(G77, 1) - FLOOR(G76, 1)) / H77 * 60 -> 0.87699241 | K77: Average with time set | L77: Average error before measure | M77: =M76 + H77 -> 164.75782 | N77: =(MID(F77, 2, 7) + MID(F77, 12, 8)) / 2 -> 0.3531405
D78: 2024-09-12 19:42:46.406794 | E78: 2024-09-12 20:45:01.992186 | F78: [0.406794, 0.422422] | G78: =(DATEVALUE(LEFT(E78, 10))-DATEVALUE(LEFT(D78, 10))) * 86400 + (TIMEVALUE(MID(E78, 12, 8)) - TIMEVALUE(MID(D78, 12, 8))) * 86400 + (VALUE(RIGHT(E78, 6)) - VALUE(RIGHT(D78, 6))) / 1000000 -> 3735.5854 | H78: =((DATEVALUE(LEFT(D78,10))-DATEVALUE(LEFT(D77,10)))*86400+(TIMEVALUE(MID(D78,12,8))-TIMEVALUE(MID(D77,12,8)))*86400+(VALUE(RIGHT(D78,6))-VALUE(RIGHT(D77,6)))/1000000)/ 60 -> 61.001025 | I78: =3600 * (G78-G77) / ((DATEVALUE(LEFT(D78, 10))-DATEVALUE(LEFT(D77, 10))) * 86400 + (TIMEVALUE(MID(D78, 12, 8)) - TIMEVALUE(MID(D77, 12, 8))) * 86400 + (VALUE(RIGHT(D78, 6)) - VALUE(RIGHT(D77, 6))) / 1000000) -> 0.92313465 | J78: =(FLOOR(G78, 1) - FLOOR(G77, 1)) / H78 * 60 -> 0.98359003 | K78: =(MAX(G75:G96) / (DATEDIF(VALUE(DATE(2000 + MID(B15, 1, 2), MID(B15, 4, 2), MID(B15, 7, 2))), VALUE(DATEVALUE(MID(D75, 1, 10)) + TIMEVALUE(MID(D75, 12, 8)) + MID(D75, 21, 6) / 86400000), "d") * 1440 + (TIMEVALUE(MID(D75, 12, 8)) - TIMEVALUE(RIGHT(B15, 8))) * 1440 + MID(D75, 21, 6) / 86400000 + MAX(M75:M96))) * 60 -> 0.91668025 | L78: =(MIN(G75:G96) / (DATEDIF(VALUE(DATE(2000 + MID(B15, 1, 2), MID(B15, 4, 2), MID(B15, 7, 2))), VALUE(DATEVALUE(MID(D75, 1, 10)) + TIMEVALUE(MID(D75, 12, 8)) + MID(D75, 21, 6) / 86400000), "d") * 1440 + (TIMEVALUE(MID(D75, 12, 8)) - TIMEVALUE(RIGHT(B15, 8))) * 1440 + MID(D75, 21, 6) / 86400000)) * 60 -> 0.91746738 | M78: =M77 + H78 -> 225.75885 | N78: =(MID(F78, 2, 7) + MID(F78, 12, 8)) / 2 -> 0.414606
D79: 2024-09-13 00:25:46.094370 | E79: 2024-09-13 01:28:05.991954 | F79: [0.094370, 0.110461] | G79: =(DATEVALUE(LEFT(E79, 10))-DATEVALUE(LEFT(D79, 10))) * 86400 + (TIMEVALUE(MID(E79, 12, 8)) - TIMEVALUE(MID(D79, 12, 8))) * 86400 + (VALUE(RIGHT(E79, 6)) - VALUE(RIGHT(D79, 6))) / 1000000 -> 3739.8976 | H79: =((DATEVALUE(LEFT(D79,10))-DATEVALUE(LEFT(D78,10)))*86400+(TIMEVALUE(MID(D79,12,8))-TIMEVALUE(MID(D78,12,8)))*86400+(VALUE(RIGHT(D79,6))-VALUE(RIGHT(D78,6)))/1000000)/ 60 -> 282.99479 | I79: =3600 * (G79-G78) / ((DATEVALUE(LEFT(D79, 10))-DATEVALUE(LEFT(D78, 10))) * 86400 + (TIMEVALUE(MID(D79, 12, 8)) - TIMEVALUE(MID(D78, 12, 8))) * 86400 + (VALUE(RIGHT(D79, 6)) - VALUE(RIGHT(D78, 6))) / 1000000) -> 0.91426248 | J79: =(FLOOR(G79, 1) - FLOOR(G78, 1)) / H79 * 60 -> 0.84807214 | M79: =M78 + H79 -> 508.75364 | N79: =(MID(F79, 2, 7) + MID(F79, 12, 8)) / 2 -> 0.1024155
D80: 2024-09-13 10:44:20.876516 | E80: 2024-09-13 11:46:47.992585 | F80: [0.876516, 0.891346] | G80: =(DATEVALUE(LEFT(E80, 10))-DATEVALUE(LEFT(D80, 10))) * 86400 + (TIMEVALUE(MID(E80, 12, 8)) - TIMEVALUE(MID(D80, 12, 8))) * 86400 + (VALUE(RIGHT(E80, 6)) - VALUE(RIGHT(D80, 6))) / 1000000 -> 3747.1161 | H80: =((DATEVALUE(LEFT(D80,10))-DATEVALUE(LEFT(D79,10)))*86400+(TIMEVALUE(MID(D80,12,8))-TIMEVALUE(MID(D79,12,8)))*86400+(VALUE(RIGHT(D80,6))-VALUE(RIGHT(D79,6)))/1000000)/ 60 -> 618.5797 | I80: =3600 * (G80-G79) / ((DATEVALUE(LEFT(D80, 10))-DATEVALUE(LEFT(D79, 10))) * 86400 + (TIMEVALUE(MID(D80, 12, 8)) - TIMEVALUE(MID(D79, 12, 8))) * 86400 + (VALUE(RIGHT(D80, 6)) - VALUE(RIGHT(D79, 6))) / 1000000) -> 0.70016701 | J80: =(FLOOR(G80, 1) - FLOOR(G79, 1)) / H80 * 60 -> 0.77597115 | K80: Standard Deviation | M80: =M79 + H80 -> 1127.3333 | N80: =(MID(F80, 2, 7) + MID(F80, 12, 8)) / 2 -> 0.883928
D81: 2024-09-13 12:17:54.470909 | E81: 2024-09-13 13:20:22.993037 | F81: [0.470909, 0.484835] | G81: =(DATEVALUE(LEFT(E81, 10))-DATEVALUE(LEFT(D81, 10))) * 86400 + (TIMEVALUE(MID(E81, 12, 8)) - TIMEVALUE(MID(D81, 12, 8))) * 86400 + (VALUE(RIGHT(E81, 6)) - VALUE(RIGHT(D81, 6))) / 1000000 -> 3748.5221 | H81: =((DATEVALUE(LEFT(D81,10))-DATEVALUE(LEFT(D80,10)))*86400+(TIMEVALUE(MID(D81,12,8))-TIMEVALUE(MID(D80,12,8)))*86400+(VALUE(RIGHT(D81,6))-VALUE(RIGHT(D80,6)))/1000000)/ 60 -> 93.559907 | I81: =3600 * (G81-G80) / ((DATEVALUE(LEFT(D81, 10))-DATEVALUE(LEFT(D80, 10))) * 86400 + (TIMEVALUE(MID(D81, 12, 8)) - TIMEVALUE(MID(D80, 12, 8))) * 86400 + (VALUE(RIGHT(D81, 6)) - VALUE(RIGHT(D80, 6))) / 1000000) -> 0.90170612 | J81: =(FLOOR(G81, 1) - FLOOR(G80, 1)) / H81 * 60 -> 0.64130034 | K81: =_xlfn.STDEV.P(I76:I96) -> 0.051298829 | M81: =M80 + H81 -> 1220.8933 | N81: =(MID(F81, 2, 7) + MID(F81, 12, 8)) / 2 -> 0.4778675
D82: 2024-09-13 13:19:36.532251 | E82: 2024-09-13 14:22:05.992425 | F82: [0.532251, 0.547401] | G82: =(DATEVALUE(LEFT(E82, 10))-DATEVALUE(LEFT(D82, 10))) * 86400 + (TIMEVALUE(MID(E82, 12, 8)) - TIMEVALUE(MID(D82, 12, 8))) * 86400 + (VALUE(RIGHT(E82, 6)) - VALUE(RIGHT(D82, 6))) / 1000000 -> 3749.4602 | H82: =((DATEVALUE(LEFT(D82,10))-DATEVALUE(LEFT(D81,10)))*86400+(TIMEVALUE(MID(D82,12,8))-TIMEVALUE(MID(D81,12,8)))*86400+(VALUE(RIGHT(D82,6))-VALUE(RIGHT(D81,6)))/1000000)/ 60 -> 61.701022 | I82: =3600 * (G82-G81) / ((DATEVALUE(LEFT(D82, 10))-DATEVALUE(LEFT(D81, 10))) * 86400 + (TIMEVALUE(MID(D82, 12, 8)) - TIMEVALUE(MID(D81, 12, 8))) * 86400 + (VALUE(RIGHT(D82, 6)) - VALUE(RIGHT(D81, 6))) / 1000000) -> 0.91218521 | J82: =(FLOOR(G82, 1) - FLOOR(G81, 1)) / H82 * 60 -> 0.97243121 | M82: =M81 + H82 -> 1282.5943 | N82: =(MID(F82, 2, 7) + MID(F82, 12, 8)) / 2 -> 0.5398255
D83: 2024-09-13 16:57:00.219887 | E83: 2024-09-13 17:59:32.992556 | F83: [0.219887, 0.234776] | G83: =(DATEVALUE(LEFT(E83, 10))-DATEVALUE(LEFT(D83, 10))) * 86400 + (TIMEVALUE(MID(E83, 12, 8)) - TIMEVALUE(MID(D83, 12, 8))) * 86400 + (VALUE(RIGHT(E83, 6)) - VALUE(RIGHT(D83, 6))) / 1000000 -> 3752.7727 | H83: =((DATEVALUE(LEFT(D83,10))-DATEVALUE(LEFT(D82,10)))*86400+(TIMEVALUE(MID(D83,12,8))-TIMEVALUE(MID(D82,12,8)))*86400+(VALUE(RIGHT(D83,6))-VALUE(RIGHT(D82,6)))/1000000)/ 60 -> 217.39479 | I83: =3600 * (G83-G82) / ((DATEVALUE(LEFT(D83, 10))-DATEVALUE(LEFT(D82, 10))) * 86400 + (TIMEVALUE(MID(D83, 12, 8)) - TIMEVALUE(MID(D82, 12, 8))) * 86400 + (VALUE(RIGHT(D83, 6)) - VALUE(RIGHT(D82, 6))) / 1000000) -> 0.91423394 | J83: =(FLOOR(G83, 1) - FLOOR(G82, 1)) / H83 * 60 -> 0.82798671 | M83: =M82 + H83 -> 1499.9891 | N83: =(MID(F83, 2, 7) + MID(F83, 12, 8)) / 2 -> 0.227328
D84: 2024-09-14 13:00:06.844475 | E84: 2024-09-14 14:02:57.992298 | F84: [0.844475, 0.859878] | G84: =(DATEVALUE(LEFT(E84, 10))-DATEVALUE(LEFT(D84, 10))) * 86400 + (TIMEVALUE(MID(E84, 12, 8)) - TIMEVALUE(MID(D84, 12, 8))) * 86400 + (VALUE(RIGHT(E84, 6)) - VALUE(RIGHT(D84, 6))) / 1000000 -> 3771.1478 | H84: =((DATEVALUE(LEFT(D84,10))-DATEVALUE(LEFT(D83,10)))*86400+(TIMEVALUE(MID(D84,12,8))-TIMEVALUE(MID(D83,12,8)))*86400+(VALUE(RIGHT(D84,6))-VALUE(RIGHT(D83,6)))/1000000)/ 60 -> 1203.1104 | I84: =3600 * (G84-G83) / ((DATEVALUE(LEFT(D84, 10))-DATEVALUE(LEFT(D83, 10))) * 86400 + (TIMEVALUE(MID(D84, 12, 8)) - TIMEVALUE(MID(D83, 12, 8))) * 86400 + (VALUE(RIGHT(D84, 6)) - VALUE(RIGHT(D83, 6))) / 1000000) -> 0.91638243 | J84: =(FLOOR(G84, 1) - FLOOR(G83, 1)) / H84 * 60 -> 0.94754396 | M84: =M83 + H84 -> 2703.0995 | N84: =(MID(F84, 2, 7) + MID(F84, 12, 8)) / 2 -> 0.852174
D85: 2024-09-14 15:01:19.969206 | E85: 2024-09-14 16:04:12.992085 | F85: [0.969206, 0.985035] | G85: =(DATEVALUE(LEFT(E85, 10))-DATEVALUE(LEFT(D85, 10))) * 86400 + (TIMEVALUE(MID(E85, 12, 8)) - TIMEVALUE(MID(D85, 12, 8))) * 86400 + (VALUE(RIGHT(E85, 6)) - VALUE(RIGHT(D85, 6))) / 1000000 -> 3773.0229 | H85: =((DATEVALUE(LEFT(D85,10))-DATEVALUE(LEFT(D84,10)))*86400+(TIMEVALUE(MID(D85,12,8))-TIMEVALUE(MID(D84,12,8)))*86400+(VALUE(RIGHT(D85,6))-VALUE(RIGHT(D84,6)))/1000000)/ 60 -> 121.21875 | I85: =3600 * (G85-G84) / ((DATEVALUE(LEFT(D85, 10))-DATEVALUE(LEFT(D84, 10))) * 86400 + (TIMEVALUE(MID(D85, 12, 8)) - TIMEVALUE(MID(D84, 12, 8))) * 86400 + (VALUE(RIGHT(D85, 6)) - VALUE(RIGHT(D84, 6))) / 1000000) -> 0.928102 | J85: =(FLOOR(G85, 1) - FLOOR(G84, 1)) / H85 * 60 -> 0.9899459 | M85: =M84 + H85 -> 2824.3182 | N85: =(MID(F85, 2, 7) + MID(F85, 12, 8)) / 2 -> 0.9771175
D86: 2024-09-15 01:20:02.469922 | E86: 2024-09-15 02:23:04.992590 | F86: [0.469922, 0.484742] | G86: =(DATEVALUE(LEFT(E86, 10))-DATEVALUE(LEFT(D86, 10))) * 86400 + (TIMEVALUE(MID(E86, 12, 8)) - TIMEVALUE(MID(D86, 12, 8))) * 86400 + (VALUE(RIGHT(E86, 6)) - VALUE(RIGHT(D86, 6))) / 1000000 -> 3782.5227 | H86: =((DATEVALUE(LEFT(D86,10))-DATEVALUE(LEFT(D85,10)))*86400+(TIMEVALUE(MID(D86,12,8))-TIMEVALUE(MID(D85,12,8)))*86400+(VALUE(RIGHT(D86,6))-VALUE(RIGHT(D85,6)))/1000000)/ 60 -> 618.70835 | I86: =3600 * (G86-G85) / ((DATEVALUE(LEFT(D86, 10))-DATEVALUE(LEFT(D85, 10))) * 86400 + (TIMEVALUE(MID(D86, 12, 8)) - TIMEVALUE(MID(D85, 12, 8))) * 86400 + (VALUE(RIGHT(D86, 6)) - VALUE(RIGHT(D85, 6))) / 1000000) -> 0.92125368 | J86: =(FLOOR(G86, 1) - FLOOR(G85, 1)) / H86 * 60 -> 0.87278603 | M86: =M85 + H86 -> 3443.0266 | N86: =(MID(F86, 2, 7) + MID(F86, 12, 8)) / 2 -> 0.477331
D87: 2024-09-15 12:18:06.438516 | E87: 2024-09-15 13:21:18.992594 | F87: [0.438516, 0.453328] | G87: =(DATEVALUE(LEFT(E87, 10))-DATEVALUE(LEFT(D87, 10))) * 86400 + (TIMEVALUE(MID(E87, 12, 8)) - TIMEVALUE(MID(D87, 12, 8))) * 86400 + (VALUE(RIGHT(E87, 6)) - VALUE(RIGHT(D87, 6))) / 1000000 -> 3792.5541 | H87: =((DATEVALUE(LEFT(D87,10))-DATEVALUE(LEFT(D86,10)))*86400+(TIMEVALUE(MID(D87,12,8))-TIMEVALUE(MID(D86,12,8)))*86400+(VALUE(RIGHT(D87,6))-VALUE(RIGHT(D86,6)))/1000000)/ 60 -> 658.06614 | I87: =3600 * (G87-G86) / ((DATEVALUE(LEFT(D87, 10))-DATEVALUE(LEFT(D86, 10))) * 86400 + (TIMEVALUE(MID(D87, 12, 8)) - TIMEVALUE(MID(D86, 12, 8))) * 86400 + (VALUE(RIGHT(D87, 6)) - VALUE(RIGHT(D86, 6))) / 1000000) -> 0.9146263 | J87: =(FLOOR(G87, 1) - FLOOR(G86, 1)) / H87 * 60 -> 0.91176245 | M87: =M86 + H87 -> 4101.0927 | N87: =(MID(F87, 2, 7) + MID(F87, 12, 8)) / 2 -> 0.445919
D88: 2024-09-15 22:30:52.000152 | E88: 2024-09-15 23:34:13.992142 | F88: [0.017116, 0.031637] | G88: =(DATEVALUE(LEFT(E88, 10))-DATEVALUE(LEFT(D88, 10))) * 86400 + (TIMEVALUE(MID(E88, 12, 8)) - TIMEVALUE(MID(D88, 12, 8))) * 86400 + (VALUE(RIGHT(E88, 6)) - VALUE(RIGHT(D88, 6))) / 1000000 -> 3801.992 | H88: =((DATEVALUE(LEFT(D88,10))-DATEVALUE(LEFT(D87,10)))*86400+(TIMEVALUE(MID(D88,12,8))-TIMEVALUE(MID(D87,12,8)))*86400+(VALUE(RIGHT(D88,6))-VALUE(RIGHT(D87,6)))/1000000)/ 60 -> 612.75936 | I88: =3600 * (G88-G87) / ((DATEVALUE(LEFT(D88, 10))-DATEVALUE(LEFT(D87, 10))) * 86400 + (TIMEVALUE(MID(D88, 12, 8)) - TIMEVALUE(MID(D87, 12, 8))) * 86400 + (VALUE(RIGHT(D88, 6)) - VALUE(RIGHT(D87, 6))) / 1000000) -> 0.92413883 | J88: =(FLOOR(G88, 1) - FLOOR(G87, 1)) / H88 * 60 -> 0.88125949 | M88: =M87 + H88 -> 4713.8521 | N88: =(MID(F88, 2, 7) + MID(F88, 12, 8)) / 2 -> 0.0243735
D89: 2024-09-16 11:15:16.313876 | E89: 2024-09-16 12:18:49.992705 | F89: [0.329425, 0.344739] | G89: =(DATEVALUE(LEFT(E89, 10))-DATEVALUE(LEFT(D89, 10))) * 86400 + (TIMEVALUE(MID(E89, 12, 8)) - TIMEVALUE(MID(D89, 12, 8))) * 86400 + (VALUE(RIGHT(E89, 6)) - VALUE(RIGHT(D89, 6))) / 1000000 -> 3813.6788 | H89: =((DATEVALUE(LEFT(D89,10))-DATEVALUE(LEFT(D88,10)))*86400+(TIMEVALUE(MID(D89,12,8))-TIMEVALUE(MID(D88,12,8)))*86400+(VALUE(RIGHT(D89,6))-VALUE(RIGHT(D88,6)))/1000000)/ 60 -> 764.40523 | I89: =3600 * (G89-G88) / ((DATEVALUE(LEFT(D89, 10))-DATEVALUE(LEFT(D88, 10))) * 86400 + (TIMEVALUE(MID(D89, 12, 8)) - TIMEVALUE(MID(D88, 12, 8))) * 86400 + (VALUE(RIGHT(D89, 6)) - VALUE(RIGHT(D88, 6))) / 1000000) -> 0.91732803 | J89: =(FLOOR(G89, 1) - FLOOR(G88, 1)) / H89 * 60 -> 0.94190878 | M89: =M88 + H89 -> 5478.2573 | N89: =(MID(F89, 2, 7) + MID(F89, 12, 8)) / 2 -> 0.3370795
D90: 2024-09-18 15:58:13.813040 | E90: 2024-09-18 17:02:35.992328 | F90: [0.813040, 0.828383] | G90: =(DATEVALUE(LEFT(E90, 10))-DATEVALUE(LEFT(D90, 10))) * 86400 + (TIMEVALUE(MID(E90, 12, 8)) - TIMEVALUE(MID(D90, 12, 8))) * 86400 + (VALUE(RIGHT(E90, 6)) - VALUE(RIGHT(D90, 6))) / 1000000 -> 3862.1793 | H90: =((DATEVALUE(LEFT(D90,10))-DATEVALUE(LEFT(D89,10)))*86400+(TIMEVALUE(MID(D90,12,8))-TIMEVALUE(MID(D89,12,8)))*86400+(VALUE(RIGHT(D90,6))-VALUE(RIGHT(D89,6)))/1000000)/ 60 -> 3162.9583 | I90: =3600 * (G90-G89) / ((DATEVALUE(LEFT(D90, 10))-DATEVALUE(LEFT(D89, 10))) * 86400 + (TIMEVALUE(MID(D90, 12, 8)) - TIMEVALUE(MID(D89, 12, 8))) * 86400 + (VALUE(RIGHT(D90, 6)) - VALUE(RIGHT(D89, 6))) / 1000000) -> 0.92003348 | J90: =(FLOOR(G90, 1) - FLOOR(G89, 1)) / H90 * 60 -> 0.92950956 | M90: =M89 + H90 -> 8641.2156 | N90: =(MID(F90, 2, 7) + MID(F90, 12, 8)) / 2 -> 0.8207115
D91: 2024-09-19 15:52:58.250589 | E91: 2024-09-19 16:57:40.992154 | F91: [0.250589, 0.266280] | G91: =(DATEVALUE(LEFT(E91, 10))-DATEVALUE(LEFT(D91, 10))) * 86400 + (TIMEVALUE(MID(E91, 12, 8)) - TIMEVALUE(MID(D91, 12, 8))) * 86400 + (VALUE(RIGHT(E91, 6)) - VALUE(RIGHT(D91, 6))) / 1000000 -> 3882.7416 | H91: =((DATEVALUE(LEFT(D91,10))-DATEVALUE(LEFT(D90,10)))*86400+(TIMEVALUE(MID(D91,12,8))-TIMEVALUE(MID(D90,12,8)))*86400+(VALUE(RIGHT(D91,6))-VALUE(RIGHT(D90,6)))/1000000)/ 60 -> 1434.7406 | I91: =3600 * (G91-G90) / ((DATEVALUE(LEFT(D91, 10))-DATEVALUE(LEFT(D90, 10))) * 86400 + (TIMEVALUE(MID(D91, 12, 8)) - TIMEVALUE(MID(D90, 12, 8))) * 86400 + (VALUE(RIGHT(D91, 6)) - VALUE(RIGHT(D90, 6))) / 1000000) -> 0.8599022 | J91: =(FLOOR(G91, 1) - FLOOR(G90, 1)) / H91 * 60 -> 0.83638811 | M91: =M90 + H91 -> 10075.956 | N91: =(MID(F91, 2, 7) + MID(F91, 12, 8)) / 2 -> 0.25843
D92: 2024-09-21 21:23:22.094299 | E92: 2024-09-21 22:28:53.992182 | F92: [0.094299, 0.109936] | G92: =(DATEVALUE(LEFT(E92, 10))-DATEVALUE(LEFT(D92, 10))) * 86400 + (TIMEVALUE(MID(E92, 12, 8)) - TIMEVALUE(MID(D92, 12, 8))) * 86400 + (VALUE(RIGHT(E92, 6)) - VALUE(RIGHT(D92, 6))) / 1000000 -> 3931.8979 | H92: =((DATEVALUE(LEFT(D92,10))-DATEVALUE(LEFT(D91,10)))*86400+(TIMEVALUE(MID(D92,12,8))-TIMEVALUE(MID(D91,12,8)))*86400+(VALUE(RIGHT(D92,6))-VALUE(RIGHT(D91,6)))/1000000)/ 60 -> 3210.3974 | I92: =3600 * (G92-G91) / ((DATEVALUE(LEFT(D92, 10))-DATEVALUE(LEFT(D91, 10))) * 86400 + (TIMEVALUE(MID(D92, 12, 8)) - TIMEVALUE(MID(D91, 12, 8))) * 86400 + (VALUE(RIGHT(D92, 6)) - VALUE(RIGHT(D91, 6))) / 1000000) -> 0.91869595 | J92: =(FLOOR(G92, 1) - FLOOR(G91, 1)) / H92 * 60 -> 0.91577448 | M92: =M91 + H92 -> 13286.354 | N92: =(MID(F92, 2, 7) + MID(F92, 12, 8)) / 2 -> 0.102113
D93: 2024-09-22 00:14:47.469358 | E93: 2024-09-22 01:20:21.991942 | F93: [0.469358, 0.485474] | G93: =(DATEVALUE(LEFT(E93, 10))-DATEVALUE(LEFT(D93, 10))) * 86400 + (TIMEVALUE(MID(E93, 12, 8)) - TIMEVALUE(MID(D93, 12, 8))) * 86400 + (VALUE(RIGHT(E93, 6)) - VALUE(RIGHT(D93, 6))) / 1000000 -> 3934.5226 | H93: =((DATEVALUE(LEFT(D93,10))-DATEVALUE(LEFT(D92,10)))*86400+(TIMEVALUE(MID(D93,12,8))-TIMEVALUE(MID(D92,12,8)))*86400+(VALUE(RIGHT(D93,6))-VALUE(RIGHT(D92,6)))/1000000)/ 60 -> 171.42292 | I93: =3600 * (G93-G92) / ((DATEVALUE(LEFT(D93, 10))-DATEVALUE(LEFT(D92, 10))) * 86400 + (TIMEVALUE(MID(D93, 12, 8)) - TIMEVALUE(MID(D92, 12, 8))) * 86400 + (VALUE(RIGHT(D93, 6)) - VALUE(RIGHT(D92, 6))) / 1000000) -> 0.91867565 | J93: =(FLOOR(G93, 1) - FLOOR(G92, 1)) / H93 * 60 -> 1.0500346 | M93: =M92 + H93 -> 13457.777 | N93: =(MID(F93, 2, 7) + MID(F93, 12, 8)) / 2 -> 0.477412
D97: =("№"&B7&" - "&A7) -> №6 - IMG COR LSU
D98: Actual time | E98: Device time | F98: Interval | G98: Time drift (s) | H98: Time elapsed minutes | I98: Time drift per hour (with ms) | J98: Time drift per hour | K98: Average error (with ms) | L98: Average error (s/hr) | M98: Time from start (minutes)
D99: 2024-09-12 15:54:13.094031 | E99: 2024-09-12 16:58:49.992060 | F99: [0.110111, 0.125185] | G99: =(DATEVALUE(LEFT(E99, 10))-DATEVALUE(LEFT(D99, 10))) * 86400 + (TIMEVALUE(MID(E99, 12, 8)) - TIMEVALUE(MID(D99, 12, 8))) * 86400 + (VALUE(RIGHT(E99, 6)) - VALUE(RIGHT(D99, 6))) / 1000000 -> 3876.898 | K99: =((MAX(G99:G121)-MIN(G99:G121))/SUM(H100:H121)) * 60 -> 0.98479347 | L99: =((FLOOR(MAX(G99:G121), 1)-FLOOR(MIN(G99:G121), 1))/SUM(H100:H121)) * 60 -> 0.98479728 | M99: 0 | N99: =(MID(F99, 2, 7) + MID(F99, 12, 8)) / 2 -> 0.1176475
D100: 2024-09-12 17:35:12.407390 | E100: 2024-09-12 18:39:50.992494 | F100: [0.407390, 0.422401] | G100: =(DATEVALUE(LEFT(E100, 10))-DATEVALUE(LEFT(D100, 10))) * 86400 + (TIMEVALUE(MID(E100, 12, 8)) - TIMEVALUE(MID(D100, 12, 8))) * 86400 + (VALUE(RIGHT(E100, 6)) - VALUE(RIGHT(D100, 6))) / 1000000 -> 3878.5851 | H100: =((DATEVALUE(LEFT(D100,10))-DATEVALUE(LEFT(D99,10)))*86400+(TIMEVALUE(MID(D100,12,8))-TIMEVALUE(MID(D99,12,8)))*86400+(VALUE(RIGHT(D100,6))-VALUE(RIGHT(D99,6)))/1000000)/ 60 -> 100.98856 | I100: =3600 * (G100-G99) / ((DATEVALUE(LEFT(D100, 10))-DATEVALUE(LEFT(D99, 10))) * 86400 + (TIMEVALUE(MID(D100, 12, 8)) - TIMEVALUE(MID(D99, 12, 8))) * 86400 + (VALUE(RIGHT(D100, 6)) - VALUE(RIGHT(D99, 6))) / 1000000) -> 1.0023363 | J100: =(FLOOR(G100, 1) - FLOOR(G99, 1)) / H100 * 60 -> 1.1882534 | M100: =M99 + H100 -> 100.98856 | N100: =(MID(F100, 2, 7) + MID(F100, 12, 8)) / 2 -> 0.4148955
D101: 2024-09-12 18:44:47.251315 | E101: 2024-09-12 19:49:26.992464 | F101: [0.251315, 0.266387] | G101: =(DATEVALUE(LEFT(E101, 10))-DATEVALUE(LEFT(D101, 10))) * 86400 + (TIMEVALUE(MID(E101, 12, 8)) - TIMEVALUE(MID(D101, 12, 8))) * 86400 + (VALUE(RIGHT(E101, 6)) - VALUE(RIGHT(D101, 6))) / 1000000 -> 3879.7411 | H101: =((DATEVALUE(LEFT(D101,10))-DATEVALUE(LEFT(D100,10)))*86400+(TIMEVALUE(MID(D101,12,8))-TIMEVALUE(MID(D100,12,8)))*86400+(VALUE(RIGHT(D101,6))-VALUE(RIGHT(D100,6)))/1000000)/ 60 -> 69.580732 | I101: =3600 * (G101-G100) / ((DATEVALUE(LEFT(D101, 10))-DATEVALUE(LEFT(D100, 10))) * 86400 + (TIMEVALUE(MID(D101, 12, 8)) - TIMEVALUE(MID(D100, 12, 8))) * 86400 + (VALUE(RIGHT(D101, 6)) - VALUE(RIGHT(D100, 6))) / 1000000) -> 0.99686649 | J101: =(FLOOR(G101, 1) - FLOOR(G100, 1)) / H101 * 60 -> 0.86230768 | K101: Average with time set | L101: Average error before measure | M101: =M100 + H101 -> 170.56929 | N101: =(MID(F101, 2, 7) + MID(F101, 12, 8)) / 2 -> 0.2588485
D102: 2024-09-12 19:48:31.188142 | E102: 2024-09-12 20:53:11.992126 | F102: [0.188142, 0.203891] | G102: =(DATEVALUE(LEFT(E102, 10))-DATEVALUE(LEFT(D102, 10))) * 86400 + (TIMEVALUE(MID(E102, 12, 8)) - TIMEVALUE(MID(D102, 12, 8))) * 86400 + (VALUE(RIGHT(E102, 6)) - VALUE(RIGHT(D102, 6))) / 1000000 -> 3880.804 | H102: =((DATEVALUE(LEFT(D102,10))-DATEVALUE(LEFT(D101,10)))*86400+(TIMEVALUE(MID(D102,12,8))-TIMEVALUE(MID(D101,12,8)))*86400+(VALUE(RIGHT(D102,6))-VALUE(RIGHT(D101,6)))/1000000)/ 60 -> 63.73228 | I102: =3600 * (G102-G101) / ((DATEVALUE(LEFT(D102, 10))-DATEVALUE(LEFT(D101, 10))) * 86400 + (TIMEVALUE(MID(D102, 12, 8)) - TIMEVALUE(MID(D101, 12, 8))) * 86400 + (VALUE(RIGHT(D102, 6)) - VALUE(RIGHT(D101, 6))) / 1000000) -> 1.0005934 | J102: =(FLOOR(G102, 1) - FLOOR(G101, 1)) / H102 * 60 -> 0.94143815 | K102: =(MAX(G99:G120) / (DATEDIF(VALUE(DATE(2000 + MID(B16, 1, 2), MID(B16, 4, 2), MID(B16, 7, 2))), VALUE(DATEVALUE(MID(D99, 1, 10)) + TIMEVALUE(MID(D99, 12, 8)) + MID(D99, 21, 6) / 86400000), "d") * 1440 + (TIMEVALUE(MID(D99, 12, 8)) - TIMEVALUE(RIGHT(B16, 8))) * 1440 + MID(D99, 21, 6) / 86400000 + MAX(M99:M120))) * 60 -> 1.4506659 | L102: =(MIN(G99:G120) / (DATEDIF(VALUE(DATE(2000 + MID(B16, 1, 2), MID(B16, 4, 2), MID(B16, 7, 2))), VALUE(DATEVALUE(MID(D99, 1, 10)) + TIMEVALUE(MID(D99, 12, 8)) + MID(D99, 21, 6) / 86400000), "d") * 1440 + (TIMEVALUE(MID(D99, 12, 8)) - TIMEVALUE(RIGHT(B16, 8))) * 1440 + MID(D99, 21, 6) / 86400000)) * 60 -> 1.4908698 | M102: =M101 + H102 -> 234.30157 | N102: =(MID(F102, 2, 7) + MID(F102, 12, 8)) / 2 -> 0.1960155
D103: 2024-09-13 00:30:10.500985 | E103: 2024-09-13 01:34:55.992398 | F103: [0.516563, 0.533149] | G103: =(DATEVALUE(LEFT(E103, 10))-DATEVALUE(LEFT(D103, 10))) * 86400 + (TIMEVALUE(MID(E103, 12, 8)) - TIMEVALUE(MID(D103, 12, 8))) * 86400 + (VALUE(RIGHT(E103, 6)) - VALUE(RIGHT(D103, 6))) / 1000000 -> 3885.4914 | H103: =((DATEVALUE(LEFT(D103,10))-DATEVALUE(LEFT(D102,10)))*86400+(TIMEVALUE(MID(D103,12,8))-TIMEVALUE(MID(D102,12,8)))*86400+(VALUE(RIGHT(D103,6))-VALUE(RIGHT(D102,6)))/1000000)/ 60 -> 281.65521 | I103: =3600 * (G103-G102) / ((DATEVALUE(LEFT(D103, 10))-DATEVALUE(LEFT(D102, 10))) * 86400 + (TIMEVALUE(MID(D103, 12, 8)) - TIMEVALUE(MID(D102, 12, 8))) * 86400 + (VALUE(RIGHT(D103, 6)) - VALUE(RIGHT(D102, 6))) / 1000000) -> 0.99854619 | J103: =(FLOOR(G103, 1) - FLOOR(G102, 1)) / H103 * 60 -> 1.0651321 | M103: =M102 + H103 -> 515.95678 | N103: =(MID(F103, 2, 7) + MID(F103, 12, 8)) / 2 -> 0.5248545
D104: 2024-09-13 10:46:10.501307 | E104: 2024-09-13 11:51:03.992780 | F104: [0.516626, 0.531555] | G104: =(DATEVALUE(LEFT(E104, 10))-DATEVALUE(LEFT(D104, 10))) * 86400 + (TIMEVALUE(MID(E104, 12, 8)) - TIMEVALUE(MID(D104, 12, 8))) * 86400 + (VALUE(RIGHT(E104, 6)) - VALUE(RIGHT(D104, 6))) / 1000000 -> 3893.4915 | H104: =((DATEVALUE(LEFT(D104,10))-DATEVALUE(LEFT(D103,10)))*86400+(TIMEVALUE(MID(D104,12,8))-TIMEVALUE(MID(D103,12,8)))*86400+(VALUE(RIGHT(D104,6))-VALUE(RIGHT(D103,6)))/1000000)/ 60 -> 616.00001 | I104: =3600 * (G104-G103) / ((DATEVALUE(LEFT(D104, 10))-DATEVALUE(LEFT(D103, 10))) * 86400 + (TIMEVALUE(MID(D104, 12, 8)) - TIMEVALUE(MID(D103, 12, 8))) * 86400 + (VALUE(RIGHT(D104, 6)) - VALUE(RIGHT(D103, 6))) / 1000000) -> 0.77922662 | J104: =(FLOOR(G104, 1) - FLOOR(G103, 1)) / H104 * 60 -> 0.77922077 | K104: Standard Deviation | M104: =M103 + H104 -> 1131.9568 | N104: =(MID(F104, 2, 7) + MID(F104, 12, 8)) / 2 -> 0.5240875
D105: 2024-09-13 12:14:21.032870 | E105: 2024-09-13 13:19:15.992803 | F105: [0.047999, 0.062735] | G105: =(DATEVALUE(LEFT(E105, 10))-DATEVALUE(LEFT(D105, 10))) * 86400 + (TIMEVALUE(MID(E105, 12, 8)) - TIMEVALUE(MID(D105, 12, 8))) * 86400 + (VALUE(RIGHT(E105, 6)) - VALUE(RIGHT(D105, 6))) / 1000000 -> 3894.9599 | H105: =((DATEVALUE(LEFT(D105,10))-DATEVALUE(LEFT(D104,10)))*86400+(TIMEVALUE(MID(D105,12,8))-TIMEVALUE(MID(D104,12,8)))*86400+(VALUE(RIGHT(D105,6))-VALUE(RIGHT(D104,6)))/1000000)/ 60 -> 88.175526 | I105: =3600 * (G105-G104) / ((DATEVALUE(LEFT(D105, 10))-DATEVALUE(LEFT(D104, 10))) * 86400 + (TIMEVALUE(MID(D105, 12, 8)) - TIMEVALUE(MID(D104, 12, 8))) * 86400 + (VALUE(RIGHT(D105, 6)) - VALUE(RIGHT(D104, 6))) / 1000000) -> 0.99922965 | J105: =(FLOOR(G105, 1) - FLOOR(G104, 1)) / H105 * 60 -> 0.68046092 | K105: =_xlfn.STDEV.P(I100:I120) -> 0.051567335 | M105: =M104 + H105 -> 1220.1323 | N105: =(MID(F105, 2, 7) + MID(F105, 12, 8)) / 2 -> 0.0553625
D106: 2024-09-13 13:07:46.157649 | E106: 2024-09-13 14:12:41.992597 | F106: [0.157649, 0.172455] | G106: =(DATEVALUE(LEFT(E106, 10))-DATEVALUE(LEFT(D106, 10))) * 86400 + (TIMEVALUE(MID(E106, 12, 8)) - TIMEVALUE(MID(D106, 12, 8))) * 86400 + (VALUE(RIGHT(E106, 6)) - VALUE(RIGHT(D106, 6))) / 1000000 -> 3895.8349 | H106: =((DATEVALUE(LEFT(D106,10))-DATEVALUE(LEFT(D105,10)))*86400+(TIMEVALUE(MID(D106,12,8))-TIMEVALUE(MID(D105,12,8)))*86400+(VALUE(RIGHT(D106,6))-VALUE(RIGHT(D105,6)))/1000000)/ 60 -> 53.418746 | I106: =3600 * (G106-G105) / ((DATEVALUE(LEFT(D106, 10))-DATEVALUE(LEFT(D105, 10))) * 86400 + (TIMEVALUE(MID(D106, 12, 8)) - TIMEVALUE(MID(D105, 12, 8))) * 86400 + (VALUE(RIGHT(D106, 6)) - VALUE(RIGHT(D105, 6))) / 1000000) -> 0.9828179 | J106: =(FLOOR(G106, 1) - FLOOR(G105, 1)) / H106 * 60 -> 1.1232012 | M106: =M105 + H106 -> 1273.5511 | N106: =(MID(F106, 2, 7) + MID(F106, 12, 8)) / 2 -> 0.1650475
D107: 2024-09-13 16:54:59.407282 | E107: 2024-09-13 17:59:58.991662 | F107: [0.407282, 0.423959] | G107: =(DATEVALUE(LEFT(E107, 10))-DATEVALUE(LEFT(D107, 10))) * 86400 + (TIMEVALUE(MID(E107, 12, 8)) - TIMEVALUE(MID(D107, 12, 8))) * 86400 + (VALUE(RIGHT(E107, 6)) - VALUE(RIGHT(D107, 6))) / 1000000 -> 3899.5844 | H107: =((DATEVALUE(LEFT(D107,10))-DATEVALUE(LEFT(D106,10)))*86400+(TIMEVALUE(MID(D107,12,8))-TIMEVALUE(MID(D106,12,8)))*86400+(VALUE(RIGHT(D107,6))-VALUE(RIGHT(D106,6)))/1000000)/ 60 -> 227.22083 | I107: =3600 * (G107-G106) / ((DATEVALUE(LEFT(D107, 10))-DATEVALUE(LEFT(D106, 10))) * 86400 + (TIMEVALUE(MID(D107, 12, 8)) - TIMEVALUE(MID(D106, 12, 8))) * 86400 + (VALUE(RIGHT(D107, 6)) - VALUE(RIGHT(D106, 6))) / 1000000) -> 0.99007614 | J107: =(FLOOR(G107, 1) - FLOOR(G106, 1)) / H107 * 60 -> 1.0562412 | M107: =M106 + H107 -> 1500.7719 | N107: =(MID(F107, 2, 7) + MID(F107, 12, 8)) / 2 -> 0.4156195
D108: 2024-09-14 12:57:05.375633 | E108: 2024-09-14 14:02:24.992230 | F108: [0.375633, 0.391173] | G108: =(DATEVALUE(LEFT(E108, 10))-DATEVALUE(LEFT(D108, 10))) * 86400 + (TIMEVALUE(MID(E108, 12, 8)) - TIMEVALUE(MID(D108, 12, 8))) * 86400 + (VALUE(RIGHT(E108, 6)) - VALUE(RIGHT(D108, 6))) / 1000000 -> 3919.6166 | H108: =((DATEVALUE(LEFT(D108,10))-DATEVALUE(LEFT(D107,10)))*86400+(TIMEVALUE(MID(D108,12,8))-TIMEVALUE(MID(D107,12,8)))*86400+(VALUE(RIGHT(D108,6))-VALUE(RIGHT(D107,6)))/1000000)/ 60 -> 1202.0995 | I108: =3600 * (G108-G107) / ((DATEVALUE(LEFT(D108, 10))-DATEVALUE(LEFT(D107, 10))) * 86400 + (TIMEVALUE(MID(D108, 12, 8)) - TIMEVALUE(MID(D107, 12, 8))) * 86400 + (VALUE(RIGHT(D108, 6)) - VALUE(RIGHT(D107, 6))) / 1000000) -> 0.99986153 | J108: =(FLOOR(G108, 1) - FLOOR(G107, 1)) / H108 * 60 -> 0.9982535 | M108: =M107 + H108 -> 2702.8714 | N108: =(MID(F108, 2, 7) + MID(F108, 12, 8)) / 2 -> 0.3834015
D109: 2024-09-14 14:57:45.343950 | E109: 2024-09-14 16:03:06.992032 | F109: [0.343950, 0.359885] | G109: =(DATEVALUE(LEFT(E109, 10))-DATEVALUE(LEFT(D109, 10))) * 86400 + (TIMEVALUE(MID(E109, 12, 8)) - TIMEVALUE(MID(D109, 12, 8))) * 86400 + (VALUE(RIGHT(E109, 6)) - VALUE(RIGHT(D109, 6))) / 1000000 -> 3921.6481 | H109: =((DATEVALUE(LEFT(D109,10))-DATEVALUE(LEFT(D108,10)))*86400+(TIMEVALUE(MID(D109,12,8))-TIMEVALUE(MID(D108,12,8)))*86400+(VALUE(RIGHT(D109,6))-VALUE(RIGHT(D108,6)))/1000000)/ 60 -> 120.66614 | I109: =3600 * (G109-G108) / ((DATEVALUE(LEFT(D109, 10))-DATEVALUE(LEFT(D108, 10))) * 86400 + (TIMEVALUE(MID(D109, 12, 8)) - TIMEVALUE(MID(D108, 12, 8))) * 86400 + (VALUE(RIGHT(D109, 6)) - VALUE(RIGHT(D108, 6))) / 1000000) -> 1.0101351 | J109: =(FLOOR(G109, 1) - FLOOR(G108, 1)) / H109 * 60 -> 0.99447949 | M109: =M108 + H109 -> 2823.5375 | N109: =(MID(F109, 2, 7) + MID(F109, 12, 8)) / 2 -> 0.3519175
D110: 2024-09-15 01:17:45.000808 | E110: 2024-09-15 02:23:16.992340 | F110: [0.000808, 0.016127] | G110: =(DATEVALUE(LEFT(E110, 10))-DATEVALUE(LEFT(D110, 10))) * 86400 + (TIMEVALUE(MID(E110, 12, 8)) - TIMEVALUE(MID(D110, 12, 8))) * 86400 + (VALUE(RIGHT(E110, 6)) - VALUE(RIGHT(D110, 6))) / 1000000 -> 3931.9915 | H110: =((DATEVALUE(LEFT(D110,10))-DATEVALUE(LEFT(D109,10)))*86400+(TIMEVALUE(MID(D110,12,8))-TIMEVALUE(MID(D109,12,8)))*86400+(VALUE(RIGHT(D110,6))-VALUE(RIGHT(D109,6)))/1000000)/ 60 -> 619.99428 | I110: =3600 * (G110-G109) / ((DATEVALUE(LEFT(D110, 10))-DATEVALUE(LEFT(D109, 10))) * 86400 + (TIMEVALUE(MID(D110, 12, 8)) - TIMEVALUE(MID(D109, 12, 8))) * 86400 + (VALUE(RIGHT(D110, 6)) - VALUE(RIGHT(D109, 6))) / 1000000) -> 1.0009883 | J110: =(FLOOR(G110, 1) - FLOOR(G109, 1)) / H110 * 60 -> 0.96775086 | M110: =M109 + H110 -> 3443.5318 | N110: =(MID(F110, 2, 7) + MID(F110, 12, 8)) / 2 -> 0.0084635
...

Sheet Calibrated
A1: Device Label | B1: Device № | D1: =("№"&B3&" - "&A3) -> №2 - Blue tape
A2: Nothing | B2: 1 | D2: Actual time | E2: Device time | F2: Interval | G2: Time drift (s) | H2: Time elapsed minutes | I2: Time drift per hour (with ms) | J2: Time drift per hour | K2: Average error (with ms) | L2: Average error (s/hr) | M2: Time from start (minutes) | N2: Interval | X2: Device name | Y2: Time drift (s/hr) | Z2: Correction Value | AA2: Predicted drift | AB2: New Time Drift | AC2: Time drift reduced by % | AD2: Actual correction value: | AE2: Average correction value:
A3: Blue tape | B3: 2 | D3: 2024-09-22 01:44:38.159164 | E3: 2024-09-22 01:44:37.988356 | F3: [0.172761, 0.187991] | G3: =(DATEVALUE(LEFT(E3, 10))-DATEVALUE(LEFT(D3, 10))) * 86400 + (TIMEVALUE(MID(E3, 12, 8)) - TIMEVALUE(MID(D3, 12, 8))) * 86400 + (VALUE(RIGHT(E3, 6)) - VALUE(RIGHT(D3, 6))) / 1000000 -> -0.170808 | K3: {=((LOOKUP(2,1/(G3:G24<>""),G3:G24) - G3)/SUM(H4:H25)) * 60} -> -0.065507438 | L3: =((FLOOR(MAX(G3:G25), 1)-FLOOR(MIN(G3:G25), 1))/SUM(H4:H25)) * 60 -> 0.062929805 | M3: 0 | N3: =(MID(F3, 2, 7) + MID(F3, 12, 8)) / 2 -> 0.1803755 | X3: №1 - Nothing | Y3: =Uncalibrated!K171 -> 0.83394774 | Z3: =267 * 0.9537 * 3600 / 1000000 -> 0.91669644 | AA3: =Y3-Z3 -> -0.082748702 | AB3: =K171 -> -0.070984921 | AC3: =(1 - ABS(AB3)/ABS(Y3)) * 100 -> 91.488085 | AD3: =Y3 - AB3 -> 0.90493266 | AE3: =AVERAGE(AD3:AD10) -> 0.90959714
A4: ACCZERO PBRC | B4: 3 | D4: 2024-09-22 01:59:50.188188 | E4: 2024-09-22 01:59:49.992056 | F4: [0.188188, 0.204077] | G4: =(DATEVALUE(LEFT(E4, 10))-DATEVALUE(LEFT(D4, 10))) * 86400 + (TIMEVALUE(MID(E4, 12, 8)) - TIMEVALUE(MID(D4, 12, 8))) * 86400 + (VALUE(RIGHT(E4, 6)) - VALUE(RIGHT(D4, 6))) / 1000000 -> -0.196132 | H4: =((DATEVALUE(LEFT(D4,10))-DATEVALUE(LEFT(D3,10)))*86400+(TIMEVALUE(MID(D4,12,8))-TIMEVALUE(MID(D3,12,8)))*86400+(VALUE(RIGHT(D4,6))-VALUE(RIGHT(D3,6)))/1000000)/ 60 -> 15.200484 | I4: =(G4 - G3) / H4 * 60 -> -0.099959977 | J4: =(FLOOR(G4, 1) - FLOOR(G3, 1)) / H4 * 60 -> 0 | M4: =M3 + H4 -> 15.200484 | N4: =(MID(F4, 2, 7) + MID(F4, 12, 8)) / 2 -> 0.1961285 | X4: №2 - Blue tape | Y4: =Uncalibrated!K3 -> 0.84065639 | Z4: =267 * 0.9537 * 3600 / 1000000 -> 0.91669644 | AA4: =Y4-Z4 -> -0.076040051 | AB4: =K3 -> -0.065507438 | AC4: =(1 - ABS(AB4)/ABS(Y4)) * 100 -> 92.207585 | AD4: =Y4 - AB4 -> 0.90616383
A5: IMGCOF | B5: 4 | D5: 2024-09-22 11:42:44.814252 | E5: 2024-09-22 11:42:43.992848 | F5: [0.814252, 0.828557] | G5: =(DATEVALUE(LEFT(E5, 10))-DATEVALUE(LEFT(D5, 10))) * 86400 + (TIMEVALUE(MID(E5, 12, 8)) - TIMEVALUE(MID(D5, 12, 8))) * 86400 + (VALUE(RIGHT(E5, 6)) - VALUE(RIGHT(D5, 6))) / 1000000 -> -0.821404 | H5: =((DATEVALUE(LEFT(D5,10))-DATEVALUE(LEFT(D4,10)))*86400+(TIMEVALUE(MID(D5,12,8))-TIMEVALUE(MID(D4,12,8)))*86400+(VALUE(RIGHT(D5,6))-VALUE(RIGHT(D4,6)))/1000000)/ 60 -> 582.91043 | I5: =(G5 - G4) / H5 * 60 -> -0.064360351 | J5: =(FLOOR(G5, 1) - FLOOR(G4, 1)) / H5 * 60 -> 0 | K5: Average with time set | M5: =M4 + H5 -> 598.11092 | N5: =(MID(F5, 2, 7) + MID(F5, 12, 8)) / 2 -> 0.8214035 | X5: №3 - ACCZERO PBRC | Y5: =Uncalibrated!K27 -> 0.86424537 | Z5: =267 * 0.9537 * 3600 / 1000000 -> 0.91669644 | AA5: =Y5-Z5 -> -0.052451068 | AB5: =K27 -> -0.047342906 | AC5: =(1 - ABS(AB5)/ABS(Y5)) * 100 -> 94.522053 | AD5: =Y5 - AB5 -> 0.91158828 | AE5: Correction value error:
A6: ERR15 | B6: 5 | D6: 2024-09-22 18:16:10.157452 | E6: 2024-09-22 18:16:08.992724 | F6: [0.172188, 0.188029] | G6: =(DATEVALUE(LEFT(E6, 10))-DATEVALUE(LEFT(D6, 10))) * 86400 + (TIMEVALUE(MID(E6, 12, 8)) - TIMEVALUE(MID(D6, 12, 8))) * 86400 + (VALUE(RIGHT(E6, 6)) - VALUE(RIGHT(D6, 6))) / 1000000 -> -1.164728 | H6: =((DATEVALUE(LEFT(D6,10))-DATEVALUE(LEFT(D5,10)))*86400+(TIMEVALUE(MID(D6,12,8))-TIMEVALUE(MID(D5,12,8)))*86400+(VALUE(RIGHT(D6,6))-VALUE(RIGHT(D5,6)))/1000000)/ 60 -> 393.42239 | I6: =(G6 - G5) / H6 * 60 -> -0.052359603 | J6: =(FLOOR(G6, 1) - FLOOR(G5, 1)) / H6 * 60 -> -0.15250784 | K6: =(MAX(G3:G24)/(DATEDIF(VALUE(DATE(2000 + MID(B12, 1, 2), MID(B12, 4, 2), MID(B12, 7, 2))),VALUE(MID(D3, 1, 10)),"d")*(60*24)+(TIMEVALUE(MID(D3,12,8))-TIMEVALUE(RIGHT(B12,8))*24*60+MID(D3,21,6)/86400000+MAX(M3:M25)))) * 60 -> -0.0012087851 | M6: =M5 + H6 -> 991.5333 | N6: =(MID(F6, 2, 7) + MID(F6, 12, 8)) / 2 -> 0.1801045 | X6: №4 - IMGCOF | Y6: =Uncalibrated!K51 -> 0.86373195 | Z6: =267 * 0.9537 * 3600 / 1000000 -> 0.91669644 | AA6: =Y6-Z6 -> -0.05296449 | AB6: =K51 -> -0.046450805 | AC6: =(1 - ABS(AB6)/ABS(Y6)) * 100 -> 94.622081 | AD6: =Y6 - AB6 -> 0.91018275 | AE6: =(Z3 / AE3) * 100 -> 100.78049
A7: IMG COR LSU | B7: 6 | D7: 2024-09-23 10:11:08.531382 | E7: 2024-09-23 10:11:06.992079 | F7: [0.531382, 0.547224] | G7: =(DATEVALUE(LEFT(E7, 10))-DATEVALUE(LEFT(D7, 10))) * 86400 + (TIMEVALUE(MID(E7, 12, 8)) - TIMEVALUE(MID(D7, 12, 8))) * 86400 + (VALUE(RIGHT(E7, 6)) - VALUE(RIGHT(D7, 6))) / 1000000 -> -1.539303 | H7: =((DATEVALUE(LEFT(D7,10))-DATEVALUE(LEFT(D6,10)))*86400+(TIMEVALUE(MID(D7,12,8))-TIMEVALUE(MID(D6,12,8)))*86400+(VALUE(RIGHT(D7,6))-VALUE(RIGHT(D6,6)))/1000000)/ 60 -> 954.9729 | I7: =(G7 - G6) / H7 * 60 -> -0.023534176 | J7: =(FLOOR(G7, 1) - FLOOR(G6, 1)) / H7 * 60 -> 0 | M7: =M6 + H7 -> 1946.5062 | N7: =(MID(F7, 2, 7) + MID(F7, 12, 8)) / 2 -> 0.539302 | X7: №5 - ERR15 | Y7: =Uncalibrated!K75 -> 0.90240489 | Z7: =267 * 0.9537 * 3600 / 1000000 -> 0.91669644 | AA7: =Y7-Z7 -> -0.014291547 | AB7: =K75 -> -0.0082762451 | AC7: =(1 - ABS(AB7)/ABS(Y7)) * 100 -> 99.082868 | AD7: =Y7 - AB7 -> 0.91068114
A8: IVAN ERR15 | B8: 7 | D8: 2024-09-23 13:41:50.720575 | E8: 2024-09-23 13:41:48.992855 | F8: [0.734707, 0.750841] | G8: =(DATEVALUE(LEFT(E8, 10))-DATEVALUE(LEFT(D8, 10))) * 86400 + (TIMEVALUE(MID(E8, 12, 8)) - TIMEVALUE(MID(D8, 12, 8))) * 86400 + (VALUE(RIGHT(E8, 6)) - VALUE(RIGHT(D8, 6))) / 1000000 -> -1.72772 | H8: =((DATEVALUE(LEFT(D8,10))-DATEVALUE(LEFT(D7,10)))*86400+(TIMEVALUE(MID(D8,12,8))-TIMEVALUE(MID(D7,12,8)))*86400+(VALUE(RIGHT(D8,6))-VALUE(RIGHT(D7,6)))/1000000)/ 60 -> 210.70315 | I8: =(G8 - G7) / H8 * 60 -> -0.053653777 | J8: =(FLOOR(G8, 1) - FLOOR(G7, 1)) / H8 * 60 -> 0 | K8: Standard Deviation | M8: =M7 + H8 -> 2157.2094 | N8: =(MID(F8, 2, 7) + MID(F8, 12, 8)) / 2 -> 0.7427705 | X8: №6 - IMG COR LSU | Y8: =Uncalibrated!K99 -> 0.98479347 | Z8: =267 * 0.9537 * 3600 / 1000000 -> 0.91669644 | AA8: =Y8-Z8 -> 0.068097029 | AB8: =K99 -> 0.072696316 | AC8: =(1 - ABS(AB8)/ABS(Y8)) * 100 -> 92.618116 | AD8: =Y8 - AB8 -> 0.91209715
A9: AIM TRAINING DEVICE | B9: 8 | D9: 2024-09-23 23:51:44.563335 | E9: 2024-09-23 23:51:40.992362 | F9: [0.563335, 0.578611] | G9: =(DATEVALUE(LEFT(E9, 10))-DATEVALUE(LEFT(D9, 10))) * 86400 + (TIMEVALUE(MID(E9, 12, 8)) - TIMEVALUE(MID(D9, 12, 8))) * 86400 + (VALUE(RIGHT(E9, 6)) - VALUE(RIGHT(D9, 6))) / 1000000 -> -3.570973 | H9: =((DATEVALUE(LEFT(D9,10))-DATEVALUE(LEFT(D8,10)))*86400+(TIMEVALUE(MID(D9,12,8))-TIMEVALUE(MID(D8,12,8)))*86400+(VALUE(RIGHT(D9,6))-VALUE(RIGHT(D8,6)))/1000000)/ 60 -> 609.89738 | I9: =(G9 - G8) / H9 * 60 -> -0.18133408 | J9: =(FLOOR(G9, 1) - FLOOR(G8, 1)) / H9 * 60 -> -0.19675441 | K9: =_xlfn.STDEV.P(I4:I24) -> 0.034684281 | M9: =M8 + H9 -> 2767.1067 | N9: =(MID(F9, 2, 7) + MID(F9, 12, 8)) / 2 -> 0.5709705 | X9: №7 - IVAN ERR15 | Y9: =Uncalibrated!K123 -> 1.0233367 | Z9: =267 * 0.9537 * 3600 / 1000000 -> 0.91669644 | AA9: =Y9-Z9 -> 0.10664021 | AB9: =K123 -> 0.11344305 | AC9: =(1 - ABS(AB9)/ABS(Y9)) * 100 -> 88.914396 | AD9: =Y9 - AB9 -> 0.9098936
A10: Device name | B10: Last time set time | D10: 2024-09-24 10:25:32.314315 | E10: 2024-09-24 10:25:27.992900 | F10: [0.314315, 0.328516] | G10: =(DATEVALUE(LEFT(E10, 10))-DATEVALUE(LEFT(D10, 10))) * 86400 + (TIMEVALUE(MID(E10, 12, 8)) - TIMEVALUE(MID(D10, 12, 8))) * 86400 + (VALUE(RIGHT(E10, 6)) - VALUE(RIGHT(D10, 6))) / 1000000 -> -4.321415 | H10: =((DATEVALUE(LEFT(D10,10))-DATEVALUE(LEFT(D9,10)))*86400+(TIMEVALUE(MID(D10,12,8))-TIMEVALUE(MID(D9,12,8)))*86400+(VALUE(RIGHT(D10,6))-VALUE(RIGHT(D9,6)))/1000000)/ 60 -> 633.79585 | I10: =(G10 - G9) / H10 * 60 -> -0.071042624 | J10: =(FLOOR(G10, 1) - FLOOR(G9, 1)) / H10 * 60 -> -0.094667707 | M10: =M9 + H10 -> 3400.9026 | N10: =(MID(F10, 2, 7) + MID(F10, 12, 8)) / 2 -> 0.321413 | X10: №8 - AIM TRAINING DEVICE | Y10: =Uncalibrated!K147 -> 0.93265426 | Z10: =267 * 0.9537 * 3600 / 1000000 -> 0.91669644 | AA10: =Y10-Z10 -> 0.015957823 | AB10: =K147 -> 0.021416528 | AC10: =(1 - ABS(AB10)/ABS(Y10)) * 100 -> 97.703701 | AD10: =Y10 - AB10 -> 0.91123774
A11: =("№"&B2&" - "&A2) -> №1 - Nothing | B11: 24-09-22 18:55:58 | D11: 2024-09-25 00:57:32.095163 | E11: 2024-09-25 00:57:26.992588 | F11: [0.110213, 0.125531] | G11: =(DATEVALUE(LEFT(E11, 10))-DATEVALUE(LEFT(D11, 10))) * 86400 + (TIMEVALUE(MID(E11, 12, 8)) - TIMEVALUE(MID(D11, 12, 8))) * 86400 + (VALUE(RIGHT(E11, 6)) - VALUE(RIGHT(D11, 6))) / 1000000 -> -5.102575 | H11: =((DATEVALUE(LEFT(D11,10))-DATEVALUE(LEFT(D10,10)))*86400+(TIMEVALUE(MID(D11,12,8))-TIMEVALUE(MID(D10,12,8)))*86400+(VALUE(RIGHT(D11,6))-VALUE(RIGHT(D10,6)))/1000000)/ 60 -> 871.99635 | I11: =(G11 - G10) / H11 * 60 -> -0.053749766 | J11: =(FLOOR(G11, 1) - FLOOR(G10, 1)) / H11 * 60 -> -0.068807628 | M11: =M10 + H11 -> 4272.8989 | N11: =(MID(F11, 2, 7) + MID(F11, 12, 8)) / 2 -> 0.1178705
A12: =("№"&B3&" - "&A3) -> №2 - Blue tape | B12: 24-09-22 01:42:44 | D12: 2024-09-25 11:57:35.814015 | E12: 2024-09-25 11:57:29.992722 | F12: [0.814015, 0.828570] | G12: =(DATEVALUE(LEFT(E12, 10))-DATEVALUE(LEFT(D12, 10))) * 86400 + (TIMEVALUE(MID(E12, 12, 8)) - TIMEVALUE(MID(D12, 12, 8))) * 86400 + (VALUE(RIGHT(E12, 6)) - VALUE(RIGHT(D12, 6))) / 1000000 -> -5.821293 | H12: =((DATEVALUE(LEFT(D12,10))-DATEVALUE(LEFT(D11,10)))*86400+(TIMEVALUE(MID(D12,12,8))-TIMEVALUE(MID(D11,12,8)))*86400+(VALUE(RIGHT(D12,6))-VALUE(RIGHT(D11,6)))/1000000)/ 60 -> 660.06198 | I12: =(G12 - G11) / H12 * 60 -> -0.065331865 | J12: =(FLOOR(G12, 1) - FLOOR(G11, 1)) / H12 * 60 -> 0 | M12: =M11 + H12 -> 4932.9609 | N12: =(MID(F12, 2, 7) + MID(F12, 12, 8)) / 2 -> 0.82129
A13: =("№"&B4&" - "&A4) -> №3 - ACCZERO PBRC | B13: 24-09-22 01:10:55 | D13: 2024-09-25 23:34:40.501884 | E13: 2024-09-25 23:34:33.992905 | F13: [0.516766, 0.531535] | G13: =(DATEVALUE(LEFT(E13, 10))-DATEVALUE(LEFT(D13, 10))) * 86400 + (TIMEVALUE(MID(E13, 12, 8)) - TIMEVALUE(MID(D13, 12, 8))) * 86400 + (VALUE(RIGHT(E13, 6)) - VALUE(RIGHT(D13, 6))) / 1000000 -> -6.508979 | H13: =((DATEVALUE(LEFT(D13,10))-DATEVALUE(LEFT(D12,10)))*86400+(TIMEVALUE(MID(D13,12,8))-TIMEVALUE(MID(D12,12,8)))*86400+(VALUE(RIGHT(D13,6))-VALUE(RIGHT(D12,6)))/1000000)/ 60 -> 697.07813 | I13: =(G13 - G12) / H13 * 60 -> -0.059191586 | J13: =(FLOOR(G13, 1) - FLOOR(G12, 1)) / H13 * 60 -> -0.086073565 | M13: =M12 + H13 -> 5630.039 | N13: =(MID(F13, 2, 7) + MID(F13, 12, 8)) / 2 -> 0.5241475
A14: =("№"&B5&" - "&A5) -> №4 - IMGCOF | B14: 24-09-22 00:47:59 | D14: 2024-09-26 18:01:33.626289 | E14: 2024-09-26 18:01:25.992666 | F14: [0.641987, 0.656786] | G14: =(DATEVALUE(LEFT(E14, 10))-DATEVALUE(LEFT(D14, 10))) * 86400 + (TIMEVALUE(MID(E14, 12, 8)) - TIMEVALUE(MID(D14, 12, 8))) * 86400 + (VALUE(RIGHT(E14, 6)) - VALUE(RIGHT(D14, 6))) / 1000000 -> -7.633623 | H14: =((DATEVALUE(LEFT(D14,10))-DATEVALUE(LEFT(D13,10)))*86400+(TIMEVALUE(MID(D14,12,8))-TIMEVALUE(MID(D13,12,8)))*86400+(VALUE(RIGHT(D14,6))-VALUE(RIGHT(D13,6)))/1000000)/ 60 -> 1106.8854 | I14: =(G14 - G13) / H14 * 60 -> -0.060962625 | J14: =(FLOOR(G14, 1) - FLOOR(G13, 1)) / H14 * 60 -> -0.054206153 | M14: =M13 + H14 -> 6736.9245 | N14: =(MID(F14, 2, 7) + MID(F14, 12, 8)) / 2 -> 0.649383
A15: =("№"&B6&" - "&A6) -> №5 - ERR15 | B15: 24-09-22 01:16:05 | D15: 2024-09-27 02:01:09.063401 | E15: 2024-09-27 02:01:00.992229 | F15: [0.078695, 0.094485] | G15: =(DATEVALUE(LEFT(E15, 10))-DATEVALUE(LEFT(D15, 10))) * 86400 + (TIMEVALUE(MID(E15, 12, 8)) - TIMEVALUE(MID(D15, 12, 8))) * 86400 + (VALUE(RIGHT(E15, 6)) - VALUE(RIGHT(D15, 6))) / 1000000 -> -8.071172 | H15: =((DATEVALUE(LEFT(D15,10))-DATEVALUE(LEFT(D14,10)))*86400+(TIMEVALUE(MID(D15,12,8))-TIMEVALUE(MID(D14,12,8)))*86400+(VALUE(RIGHT(D15,6))-VALUE(RIGHT(D14,6)))/1000000)/ 60 -> 479.59062 | I15: =(G15 - G14) / H15 * 60 -> -0.054740312 | J15: =(FLOOR(G15, 1) - FLOOR(G14, 1)) / H15 * 60 -> -0.1251067 | M15: =M14 + H15 -> 7216.5151 | N15: =(MID(F15, 2, 7) + MID(F15, 12, 8)) / 2 -> 0.0865875
A16: =("№"&B7&" - "&A7) -> №6 - IMG COR LSU | B16: 24-09-22 01:21:08 | D16: 2024-09-27 12:31:34.719303 | E16: 2024-09-27 12:31:25.991974 | F16: [0.719303, 0.735356] | G16: =(DATEVALUE(LEFT(E16, 10))-DATEVALUE(LEFT(D16, 10))) * 86400 + (TIMEVALUE(MID(E16, 12, 8)) - TIMEVALUE(MID(D16, 12, 8))) * 86400 + (VALUE(RIGHT(E16, 6)) - VALUE(RIGHT(D16, 6))) / 1000000 -> -8.727329 | H16: =((DATEVALUE(LEFT(D16,10))-DATEVALUE(LEFT(D15,10)))*86400+(TIMEVALUE(MID(D16,12,8))-TIMEVALUE(MID(D15,12,8)))*86400+(VALUE(RIGHT(D16,6))-VALUE(RIGHT(D15,6)))/1000000)/ 60 -> 630.4276 | I16: =(G16 - G15) / H16 * 60 -> -0.062448757 | J16: =(FLOOR(G16, 1) - FLOOR(G15, 1)) / H16 * 60 -> 0 | M16: =M15 + H16 -> 7846.9427 | N16: =(MID(F16, 2, 7) + MID(F16, 12, 8)) / 2 -> 0.727328
A17: =("№"&B8&" - "&A8) -> №7 - IVAN ERR15 | B17: 24-09-22 01:26:36 | D17: 2024-09-28 00:45:37.531527 | E17: 2024-09-28 00:45:27.992075 | F17: [0.531527, 0.547377] | G17: =(DATEVALUE(LEFT(E17, 10))-DATEVALUE(LEFT(D17, 10))) * 86400 + (TIMEVALUE(MID(E17, 12, 8)) - TIMEVALUE(MID(D17, 12, 8))) * 86400 + (VALUE(RIGHT(E17, 6)) - VALUE(RIGHT(D17, 6))) / 1000000 -> -9.539452 | H17: =((DATEVALUE(LEFT(D17,10))-DATEVALUE(LEFT(D16,10)))*86400+(TIMEVALUE(MID(D17,12,8))-TIMEVALUE(MID(D16,12,8)))*86400+(VALUE(RIGHT(D17,6))-VALUE(RIGHT(D16,6)))/1000000)/ 60 -> 734.04687 | I17: =(G17 - G16) / H17 * 60 -> -0.066381837 | J17: =(FLOOR(G17, 1) - FLOOR(G16, 1)) / H17 * 60 -> -0.08173865 | M17: =M16 + H17 -> 8580.9895 | N17: =(MID(F17, 2, 7) + MID(F17, 12, 8)) / 2 -> 0.5394485
A18: =("№"&B9&" - "&A9) -> №8 - AIM TRAINING DEVICE | B18: 24-09-22 11:48:38
A20: Average time drift overall: | P20: Interval average:
A21: =AVERAGE(K3, K27, K51, K75, K99, K123, K147, K181) -> 0.0057112146 | P21: =AVERAGE(N3:N250) -> 0.51014431
A23: Average ppm:
A24: =A21 / 3600 * 1000000 -> 1.5864485
D25: =("№"&B4&" - "&A4) -> №3 - ACCZERO PBRC
A26: CALM: | B26: CALP: | D26: Actual time | E26: Device time | F26: Interval | G26: Time drift (s) | H26: Time elapsed minutes | I26: Time drift per hour (with ms) | J26: Time drift per hour | K26: Average error (with ms) | L26: Average error (s/hr) | M26: Time from start (minutes)
A27: =IF(A24 > 0, ROUND(A24 / 0.9537, 0), IF(A24 + 488.5 > 0, ROUND((A24 + 488.5) / 0.9537, 0), 0)) -> 2 | B27: =IF(A24 > 0, 0, 1) -> 0 | D27: 2024-09-22 01:13:23.188910 | E27: 2024-09-22 01:13:22.992686 | F27: [0.188910, 0.203537] | G27: =(DATEVALUE(LEFT(E27, 10))-DATEVALUE(LEFT(D27, 10))) * 86400 + (TIMEVALUE(MID(E27, 12, 8)) - TIMEVALUE(MID(D27, 12, 8))) * 86400 + (VALUE(RIGHT(E27, 6)) - VALUE(RIGHT(D27, 6))) / 1000000 -> -0.196224 | K27: {=((LOOKUP(2,1/(G27:G48<>""),G27:G48) - G27)/SUM(H28:H49)) * 60} -> -0.047342906 | L27: =((FLOOR(MAX(G27:G49), 1)-FLOOR(MIN(G27:G49), 1))/SUM(H28:H49)) * 60 -> 0.048645379 | M27: 0 | N27: =(MID(F27, 2, 7) + MID(F27, 12, 8)) / 2 -> 0.1962235
D28: 2024-09-22 12:21:48.688884 | E28: 2024-09-22 12:21:47.992722 | F28: [0.688884, 0.703439] | G28: =(DATEVALUE(LEFT(E28, 10))-DATEVALUE(LEFT(D28, 10))) * 86400 + (TIMEVALUE(MID(E28, 12, 8)) - TIMEVALUE(MID(D28, 12, 8))) * 86400 + (VALUE(RIGHT(E28, 6)) - VALUE(RIGHT(D28, 6))) / 1000000 -> -0.696162 | H28: =((DATEVALUE(LEFT(D28,10))-DATEVALUE(LEFT(D27,10)))*86400+(TIMEVALUE(MID(D28,12,8))-TIMEVALUE(MID(D27,12,8)))*86400+(VALUE(RIGHT(D28,6))-VALUE(RIGHT(D27,6)))/1000000)/ 60 -> 668.425 | I28: =3600 * (G28-G27) / ((DATEVALUE(LEFT(D28, 10))-DATEVALUE(LEFT(D27, 10))) * 86400 + (TIMEVALUE(MID(D28, 12, 8)) - TIMEVALUE(MID(D27, 12, 8))) * 86400 + (VALUE(RIGHT(D28, 6)) - VALUE(RIGHT(D27, 6))) / 1000000) -> -0.044876059 | J28: =(FLOOR(G28, 1) - FLOOR(G27, 1)) / H28 * 60 -> 0 | M28: =M27 + H28 -> 668.425 | N28: =(MID(F28, 2, 7) + MID(F28, 12, 8)) / 2 -> 0.6961595
D29: 2024-09-22 18:21:16.906693 | E29: 2024-09-22 18:21:15.991958 | F29: [0.906693, 0.922776] | G29: =(DATEVALUE(LEFT(E29, 10))-DATEVALUE(LEFT(D29, 10))) * 86400 + (TIMEVALUE(MID(E29, 12, 8)) - TIMEVALUE(MID(D29, 12, 8))) * 86400 + (VALUE(RIGHT(E29, 6)) - VALUE(RIGHT(D29, 6))) / 1000000 -> -0.914735 | H29: =((DATEVALUE(LEFT(D29,10))-DATEVALUE(LEFT(D28,10)))*86400+(TIMEVALUE(MID(D29,12,8))-TIMEVALUE(MID(D28,12,8)))*86400+(VALUE(RIGHT(D29,6))-VALUE(RIGHT(D28,6)))/1000000)/ 60 -> 359.4703 | I29: =3600 * (G29-G28) / ((DATEVALUE(LEFT(D29, 10))-DATEVALUE(LEFT(D28, 10))) * 86400 + (TIMEVALUE(MID(D29, 12, 8)) - TIMEVALUE(MID(D28, 12, 8))) * 86400 + (VALUE(RIGHT(D29, 6)) - VALUE(RIGHT(D28, 6))) / 1000000) -> -0.036482514 | J29: =(FLOOR(G29, 1) - FLOOR(G28, 1)) / H29 * 60 -> 0 | K29: Average with time set | M29: =M28 + H29 -> 1027.8953 | N29: =(MID(F29, 2, 7) + MID(F29, 12, 8)) / 2 -> 0.914733
D30: 2024-09-23 10:14:04.000387 | E30: 2024-09-23 10:14:02.992032 | F30: [0.000387, 0.016322] | G30: =(DATEVALUE(LEFT(E30, 10))-DATEVALUE(LEFT(D30, 10))) * 86400 + (TIMEVALUE(MID(E30, 12, 8)) - TIMEVALUE(MID(D30, 12, 8))) * 86400 + (VALUE(RIGHT(E30, 6)) - VALUE(RIGHT(D30, 6))) / 1000000 -> -1.008355 | H30: =((DATEVALUE(LEFT(D30,10))-DATEVALUE(LEFT(D29,10)))*86400+(TIMEVALUE(MID(D30,12,8))-TIMEVALUE(MID(D29,12,8)))*86400+(VALUE(RIGHT(D30,6))-VALUE(RIGHT(D29,6)))/1000000)/ 60 -> 952.78489 | I30: =3600 * (G30-G29) / ((DATEVALUE(LEFT(D30, 10))-DATEVALUE(LEFT(D29, 10))) * 86400 + (TIMEVALUE(MID(D30, 12, 8)) - TIMEVALUE(MID(D29, 12, 8))) * 86400 + (VALUE(RIGHT(D30, 6)) - VALUE(RIGHT(D29, 6))) / 1000000) -> -0.0058955595 | J30: =(FLOOR(G30, 1) - FLOOR(G29, 1)) / H30 * 60 -> -0.062973291 | K30: =(MAX(G27:G49) / (DATEDIF(VALUE(DATE(2000 + MID(B13, 1, 2), MID(B13, 4, 2), MID(B13, 7, 2))), VALUE(DATEVALUE(MID(D27, 1, 10)) + TIMEVALUE(MID(D27, 12, 8)) + MID(D27, 21, 6) / 86400000), "d") * 1440 + (TIMEVALUE(MID(D27, 12, 8)) - TIMEVALUE(RIGHT(B13, 8))) * 1440 + MID(D27, 21, 6) / 86400000 + MAX(M27:M49))) * 60 -> -0.0013632375 | M30: =M29 + H30 -> 1980.6802 | N30: =(MID(F30, 2, 7) + MID(F30, 12, 8)) / 2 -> 0.008351
D31: 2024-09-23 13:37:16.125536 | E31: 2024-09-23 13:37:14.992338 | F31: [0.141759, 0.156480] | G31: =(DATEVALUE(LEFT(E31, 10))-DATEVALUE(LEFT(D31, 10))) * 86400 + (TIMEVALUE(MID(E31, 12, 8)) - TIMEVALUE(MID(D31, 12, 8))) * 86400 + (VALUE(RIGHT(E31, 6)) - VALUE(RIGHT(D31, 6))) / 1000000 -> -1.133198 | H31: =((DATEVALUE(LEFT(D31,10))-DATEVALUE(LEFT(D30,10)))*86400+(TIMEVALUE(MID(D31,12,8))-TIMEVALUE(MID(D30,12,8)))*86400+(VALUE(RIGHT(D31,6))-VALUE(RIGHT(D30,6)))/1000000)/ 60 -> 203.20209 | I31: =3600 * (G31-G30) / ((DATEVALUE(LEFT(D31, 10))-DATEVALUE(LEFT(D30, 10))) * 86400 + (TIMEVALUE(MID(D31, 12, 8)) - TIMEVALUE(MID(D30, 12, 8))) * 86400 + (VALUE(RIGHT(D31, 6)) - VALUE(RIGHT(D30, 6))) / 1000000) -> -0.036862712 | J31: =(FLOOR(G31, 1) - FLOOR(G30, 1)) / H31 * 60 -> 0 | M31: =M30 + H31 -> 2183.8823 | N31: =(MID(F31, 2, 7) + MID(F31, 12, 8)) / 2 -> 0.149115
D32: 2024-09-24 00:09:45.781820 | E32: 2024-09-24 00:09:42.992291 | F32: [0.797085, 0.812983] | G32: =(DATEVALUE(LEFT(E32, 10))-DATEVALUE(LEFT(D32, 10))) * 86400 + (TIMEVALUE(MID(E32, 12, 8)) - TIMEVALUE(MID(D32, 12, 8))) * 86400 + (VALUE(RIGHT(E32, 6)) - VALUE(RIGHT(D32, 6))) / 1000000 -> -2.789529 | H32: =((DATEVALUE(LEFT(D32,10))-DATEVALUE(LEFT(D31,10)))*86400+(TIMEVALUE(MID(D32,12,8))-TIMEVALUE(MID(D31,12,8)))*86400+(VALUE(RIGHT(D32,6))-VALUE(RIGHT(D31,6)))/1000000)/ 60 -> 632.49427 | I32: =3600 * (G32-G31) / ((DATEVALUE(LEFT(D32, 10))-DATEVALUE(LEFT(D31, 10))) * 86400 + (TIMEVALUE(MID(D32, 12, 8)) - TIMEVALUE(MID(D31, 12, 8))) * 86400 + (VALUE(RIGHT(D32, 6)) - VALUE(RIGHT(D31, 6))) / 1000000) -> -0.15712373 | J32: =(FLOOR(G32, 1) - FLOOR(G31, 1)) / H32 * 60 -> -0.094862519 | K32: Standard Deviation | M32: =M31 + H32 -> 2816.3765 | N32: =(MID(F32, 2, 7) + MID(F32, 12, 8)) / 2 -> 0.8050315
D33: 2024-09-24 11:07:31.313181 | E33: 2024-09-24 11:07:27.992356 | F33: [0.313181, 0.328468] | G33: =(DATEVALUE(LEFT(E33, 10))-DATEVALUE(LEFT(D33, 10))) * 86400 + (TIMEVALUE(MID(E33, 12, 8)) - TIMEVALUE(MID(D33, 12, 8))) * 86400 + (VALUE(RIGHT(E33, 6)) - VALUE(RIGHT(D33, 6))) / 1000000 -> -3.320825 | H33: =((DATEVALUE(LEFT(D33,10))-DATEVALUE(LEFT(D32,10)))*86400+(TIMEVALUE(MID(D33,12,8))-TIMEVALUE(MID(D32,12,8)))*86400+(VALUE(RIGHT(D33,6))-VALUE(RIGHT(D32,6)))/1000000)/ 60 -> 657.75886 | I33: =3600 * (G33-G32) / ((DATEVALUE(LEFT(D33, 10))-DATEVALUE(LEFT(D32, 10))) * 86400 + (TIMEVALUE(MID(D33, 12, 8)) - TIMEVALUE(MID(D32, 12, 8))) * 86400 + (VALUE(RIGHT(D33, 6)) - VALUE(RIGHT(D32, 6))) / 1000000) -> -0.048464205 | J33: =(FLOOR(G33, 1) - FLOOR(G32, 1)) / H33 * 60 -> -0.09121884 | K33: =_xlfn.STDEV.P(I28:I48) -> 0.033241388 | M33: =M32 + H33 -> 3474.1354 | N33: =(MID(F33, 2, 7) + MID(F33, 12, 8)) / 2 -> 0.320824
D34: 2024-09-25 00:50:15.844560 | E34: 2024-09-25 00:50:11.992404 | F34: [0.844560, 0.859752] | G34: =(DATEVALUE(LEFT(E34, 10))-DATEVALUE(LEFT(D34, 10))) * 86400 + (TIMEVALUE(MID(E34, 12, 8)) - TIMEVALUE(MID(D34, 12, 8))) * 86400 + (VALUE(RIGHT(E34, 6)) - VALUE(RIGHT(D34, 6))) / 1000000 -> -3.852156 | H34: =((DATEVALUE(LEFT(D34,10))-DATEVALUE(LEFT(D33,10)))*86400+(TIMEVALUE(MID(D34,12,8))-TIMEVALUE(MID(D33,12,8)))*86400+(VALUE(RIGHT(D34,6))-VALUE(RIGHT(D33,6)))/1000000)/ 60 -> 822.74219 | I34: =3600 * (G34-G33) / ((DATEVALUE(LEFT(D34, 10))-DATEVALUE(LEFT(D33, 10))) * 86400 + (TIMEVALUE(MID(D34, 12, 8)) - TIMEVALUE(MID(D33, 12, 8))) * 86400 + (VALUE(RIGHT(D34, 6)) - VALUE(RIGHT(D33, 6))) / 1000000) -> -0.038748299 | J34: =(FLOOR(G34, 1) - FLOOR(G33, 1)) / H34 * 60 -> 0 | M34: =M33 + H34 -> 4296.8776 | N34: =(MID(F34, 2, 7) + MID(F34, 12, 8)) / 2 -> 0.852156
D35: 2024-09-25 11:50:57.344451 | E35: 2024-09-25 11:50:52.992082 | F35: [0.360919, 0.376295] | G35: =(DATEVALUE(LEFT(E35, 10))-DATEVALUE(LEFT(D35, 10))) * 86400 + (TIMEVALUE(MID(E35, 12, 8)) - TIMEVALUE(MID(D35, 12, 8))) * 86400 + (VALUE(RIGHT(E35, 6)) - VALUE(RIGHT(D35, 6))) / 1000000 -> -4.352369 | H35: =((DATEVALUE(LEFT(D35,10))-DATEVALUE(LEFT(D34,10)))*86400+(TIMEVALUE(MID(D35,12,8))-TIMEVALUE(MID(D34,12,8)))*86400+(VALUE(RIGHT(D35,6))-VALUE(RIGHT(D34,6)))/1000000)/ 60 -> 660.69166 | I35: =3600 * (G35-G34) / ((DATEVALUE(LEFT(D35, 10))-DATEVALUE(LEFT(D34, 10))) * 86400 + (TIMEVALUE(MID(D35, 12, 8)) - TIMEVALUE(MID(D34, 12, 8))) * 86400 + (VALUE(RIGHT(D35, 6)) - VALUE(RIGHT(D34, 6))) / 1000000) -> -0.045426303 | J35: =(FLOOR(G35, 1) - FLOOR(G34, 1)) / H35 * 60 -> -0.09081392 | M35: =M34 + H35 -> 4957.5693 | N35: =(MID(F35, 2, 7) + MID(F35, 12, 8)) / 2 -> 0.3686025
D36: 2024-09-25 23:47:42.875549 | E36: 2024-09-25 23:47:37.992259 | F36: [0.875549, 0.891031] | G36: =(DATEVALUE(LEFT(E36, 10))-DATEVALUE(LEFT(D36, 10))) * 86400 + (TIMEVALUE(MID(E36, 12, 8)) - TIMEVALUE(MID(D36, 12, 8))) * 86400 + (VALUE(RIGHT(E36, 6)) - VALUE(RIGHT(D36, 6))) / 1000000 -> -4.88329 | H36: =((DATEVALUE(LEFT(D36,10))-DATEVALUE(LEFT(D35,10)))*86400+(TIMEVALUE(MID(D36,12,8))-TIMEVALUE(MID(D35,12,8)))*86400+(VALUE(RIGHT(D36,6))-VALUE(RIGHT(D35,6)))/1000000)/ 60 -> 716.75885 | I36: =3600 * (G36-G35) / ((DATEVALUE(LEFT(D36, 10))-DATEVALUE(LEFT(D35, 10))) * 86400 + (TIMEVALUE(MID(D36, 12, 8)) - TIMEVALUE(MID(D35, 12, 8))) * 86400 + (VALUE(RIGHT(D36, 6)) - VALUE(RIGHT(D35, 6))) / 1000000) -> -0.044443483 | J36: =(FLOOR(G36, 1) - FLOOR(G35, 1)) / H36 * 60 -> 0 | M36: =M35 + H36 -> 5674.3281 | N36: =(MID(F36, 2, 7) + MID(F36, 12, 8)) / 2 -> 0.8832855
D37: 2024-09-26 18:03:49.657063 | E37: 2024-09-26 18:03:43.992096 | F37: [0.673573, 0.687732] | G37: =(DATEVALUE(LEFT(E37, 10))-DATEVALUE(LEFT(D37, 10))) * 86400 + (TIMEVALUE(MID(E37, 12, 8)) - TIMEVALUE(MID(D37, 12, 8))) * 86400 + (VALUE(RIGHT(E37, 6)) - VALUE(RIGHT(D37, 6))) / 1000000 -> -5.664967 | H37: =((DATEVALUE(LEFT(D37,10))-DATEVALUE(LEFT(D36,10)))*86400+(TIMEVALUE(MID(D37,12,8))-TIMEVALUE(MID(D36,12,8)))*86400+(VALUE(RIGHT(D37,6))-VALUE(RIGHT(D36,6)))/1000000)/ 60 -> 1096.113 | I37: =3600 * (G37-G36) / ((DATEVALUE(LEFT(D37, 10))-DATEVALUE(LEFT(D36, 10))) * 86400 + (TIMEVALUE(MID(D37, 12, 8)) - TIMEVALUE(MID(D36, 12, 8))) * 86400 + (VALUE(RIGHT(D37, 6)) - VALUE(RIGHT(D36, 6))) / 1000000) -> -0.042788124 | J37: =(FLOOR(G37, 1) - FLOOR(G36, 1)) / H37 * 60 -> -0.054738881 | M37: =M36 + H37 -> 6770.4411 | N37: =(MID(F37, 2, 7) + MID(F37, 12, 8)) / 2 -> 0.680651
D38: 2024-09-27 02:09:31.969770 | E38: 2024-09-27 02:09:25.992371 | F38: [0.969770, 0.985028] | G38: =(DATEVALUE(LEFT(E38, 10))-DATEVALUE(LEFT(D38, 10))) * 86400 + (TIMEVALUE(MID(E38, 12, 8)) - TIMEVALUE(MID(D38, 12, 8))) * 86400 + (VALUE(RIGHT(E38, 6)) - VALUE(RIGHT(D38, 6))) / 1000000 -> -5.977399 | H38: =((DATEVALUE(LEFT(D38,10))-DATEVALUE(LEFT(D37,10)))*86400+(TIMEVALUE(MID(D38,12,8))-TIMEVALUE(MID(D37,12,8)))*86400+(VALUE(RIGHT(D38,6))-VALUE(RIGHT(D37,6)))/1000000)/ 60 -> 485.70521 | I38: =3600 * (G38-G37) / ((DATEVALUE(LEFT(D38, 10))-DATEVALUE(LEFT(D37, 10))) * 86400 + (TIMEVALUE(MID(D38, 12, 8)) - TIMEVALUE(MID(D37, 12, 8))) * 86400 + (VALUE(RIGHT(D38, 6)) - VALUE(RIGHT(D37, 6))) / 1000000) -> -0.038595262 | J38: =(FLOOR(G38, 1) - FLOOR(G37, 1)) / H38 * 60 -> 0 | M38: =M37 + H38 -> 7256.1463 | N38: =(MID(F38, 2, 7) + MID(F38, 12, 8)) / 2 -> 0.977399
D39: 2024-09-27 12:11:22.532024 | E39: 2024-09-27 12:11:15.992473 | F39: [0.548146, 0.563044] | G39: =(DATEVALUE(LEFT(E39, 10))-DATEVALUE(LEFT(D39, 10))) * 86400 + (TIMEVALUE(MID(E39, 12, 8)) - TIMEVALUE(MID(D39, 12, 8))) * 86400 + (VALUE(RIGHT(E39, 6)) - VALUE(RIGHT(D39, 6))) / 1000000 -> -6.539551 | H39: =((DATEVALUE(LEFT(D39,10))-DATEVALUE(LEFT(D38,10)))*86400+(TIMEVALUE(MID(D39,12,8))-TIMEVALUE(MID(D38,12,8)))*86400+(VALUE(RIGHT(D39,6))-VALUE(RIGHT(D38,6)))/1000000)/ 60 -> 601.8427 | I39: =3600 * (G39-G38) / ((DATEVALUE(LEFT(D39, 10))-DATEVALUE(LEFT(D38, 10))) * 86400 + (TIMEVALUE(MID(D39, 12, 8)) - TIMEVALUE(MID(D38, 12, 8))) * 86400 + (VALUE(RIGHT(D39, 6)) - VALUE(RIGHT(D38, 6))) / 1000000) -> -0.056043082 | J39: =(FLOOR(G39, 1) - FLOOR(G38, 1)) / H39 * 60 -> -0.099693823 | M39: =M38 + H39 -> 7857.9891 | N39: =(MID(F39, 2, 7) + MID(F39, 12, 8)) / 2 -> 0.555592
D40: 2024-09-28 01:07:18.001545 | E40: 2024-09-28 01:07:10.992745 | F40: [0.016493, 0.031525] | G40: =(DATEVALUE(LEFT(E40, 10))-DATEVALUE(LEFT(D40, 10))) * 86400 + (TIMEVALUE(MID(E40, 12, 8)) - TIMEVALUE(MID(D40, 12, 8))) * 86400 + (VALUE(RIGHT(E40, 6)) - VALUE(RIGHT(D40, 6))) / 1000000 -> -7.0088 | H40: =((DATEVALUE(LEFT(D40,10))-DATEVALUE(LEFT(D39,10)))*86400+(TIMEVALUE(MID(D40,12,8))-TIMEVALUE(MID(D39,12,8)))*86400+(VALUE(RIGHT(D40,6))-VALUE(RIGHT(D39,6)))/1000000)/ 60 -> 775.92449 | I40: =3600 * (G40-G39) / ((DATEVALUE(LEFT(D40, 10))-DATEVALUE(LEFT(D39, 10))) * 86400 + (TIMEVALUE(MID(D40, 12, 8)) - TIMEVALUE(MID(D39, 12, 8))) * 86400 + (VALUE(RIGHT(D40, 6)) - VALUE(RIGHT(D39, 6))) / 1000000) -> -0.03628567 | J40: =(FLOOR(G40, 1) - FLOOR(G39, 1)) / H40 * 60 -> -0.077327112 | M40: =M39 + H40 -> 8633.9135 | N40: =(MID(F40, 2, 7) + MID(F40, 12, 8)) / 2 -> 0.0240075
D49: =("№"&B5&" - "&A5) -> №4 - IMGCOF
D50: Actual time | E50: Device time | F50: Interval | G50: Time drift (s) | H50: Time elapsed minutes | I50: Time drift per hour (with ms) | J50: Time drift per hour | K50: Average error (with ms) | L50: Average error (s/hr) | M50: Time from start (minutes)
D51: 2024-09-22 01:01:10.313512 | E51: 2024-09-22 01:01:09.992079 | F51: [0.313512, 0.329354] | G51: =(DATEVALUE(LEFT(E51, 10))-DATEVALUE(LEFT(D51, 10))) * 86400 + (TIMEVALUE(MID(E51, 12, 8)) - TIMEVALUE(MID(D51, 12, 8))) * 86400 + (VALUE(RIGHT(E51, 6)) - VALUE(RIGHT(D51, 6))) / 1000000 -> -0.321433 | K51: {=((LOOKUP(2,1/(G51:G72<>""),G51:G72) - G51)/SUM(H52:H72)) * 60} -> -0.046450805 | L51: =((FLOOR(MAX(G51:G73), 1)-FLOOR(MIN(G51:G73), 1))/SUM(H52:H73)) * 60 -> 0.048616111 | M51: 0 | N51: =(MID(F51, 2, 7) + MID(F51, 12, 8)) / 2 -> 0.321432
D52: 2024-09-22 12:28:25.844427 | E52: 2024-09-22 12:28:24.992412 | F52: [0.844427, 0.859602] | G52: =(DATEVALUE(LEFT(E52, 10))-DATEVALUE(LEFT(D52, 10))) * 86400 + (TIMEVALUE(MID(E52, 12, 8)) - TIMEVALUE(MID(D52, 12, 8))) * 86400 + (VALUE(RIGHT(E52, 6)) - VALUE(RIGHT(D52, 6))) / 1000000 -> -0.852015 | H52: =((DATEVALUE(LEFT(D52,10))-DATEVALUE(LEFT(D51,10)))*86400+(TIMEVALUE(MID(D52,12,8))-TIMEVALUE(MID(D51,12,8)))*86400+(VALUE(RIGHT(D52,6))-VALUE(RIGHT(D51,6)))/1000000)/ 60 -> 687.25885 | I52: =3600 * (G52-G51) / ((DATEVALUE(LEFT(D52, 10))-DATEVALUE(LEFT(D51, 10))) * 86400 + (TIMEVALUE(MID(D52, 12, 8)) - TIMEVALUE(MID(D51, 12, 8))) * 86400 + (VALUE(RIGHT(D52, 6)) - VALUE(RIGHT(D51, 6))) / 1000000) -> -0.046321586 | J52: =(FLOOR(G52, 1) - FLOOR(G51, 1)) / H52 * 60 -> 0 | M52: =M51 + H52 -> 687.25885 | N52: =(MID(F52, 2, 7) + MID(F52, 12, 8)) / 2 -> 0.852011
D53: 2024-09-22 18:25:32.063538 | E53: 2024-09-22 18:25:30.992292 | F53: [0.063538, 0.078955] | G53: =(DATEVALUE(LEFT(E53, 10))-DATEVALUE(LEFT(D53, 10))) * 86400 + (TIMEVALUE(MID(E53, 12, 8)) - TIMEVALUE(MID(D53, 12, 8))) * 86400 + (VALUE(RIGHT(E53, 6)) - VALUE(RIGHT(D53, 6))) / 1000000 -> -1.071246 | H53: =((DATEVALUE(LEFT(D53,10))-DATEVALUE(LEFT(D52,10)))*86400+(TIMEVALUE(MID(D53,12,8))-TIMEVALUE(MID(D52,12,8)))*86400+(VALUE(RIGHT(D53,6))-VALUE(RIGHT(D52,6)))/1000000)/ 60 -> 357.10365 | I53: =3600 * (G53-G52) / ((DATEVALUE(LEFT(D53, 10))-DATEVALUE(LEFT(D52, 10))) * 86400 + (TIMEVALUE(MID(D53, 12, 8)) - TIMEVALUE(MID(D52, 12, 8))) * 86400 + (VALUE(RIGHT(D53, 6)) - VALUE(RIGHT(D52, 6))) / 1000000) -> -0.036834852 | J53: =(FLOOR(G53, 1) - FLOOR(G52, 1)) / H53 * 60 -> -0.16801844 | K53: Average with time set | M53: =M52 + H53 -> 1044.3625 | N53: =(MID(F53, 2, 7) + MID(F53, 12, 8)) / 2 -> 0.0712425
D54: 2024-09-23 10:17:08.156828 | E54: 2024-09-23 10:17:06.992203 | F54: [0.156828, 0.172422] | G54: =(DATEVALUE(LEFT(E54, 10))-DATEVALUE(LEFT(D54, 10))) * 86400 + (TIMEVALUE(MID(E54, 12, 8)) - TIMEVALUE(MID(D54, 12, 8))) * 86400 + (VALUE(RIGHT(E54, 6)) - VALUE(RIGHT(D54, 6))) / 1000000 -> -1.164625 | H54: =((DATEVALUE(LEFT(D54,10))-DATEVALUE(LEFT(D53,10)))*86400+(TIMEVALUE(MID(D54,12,8))-TIMEVALUE(MID(D53,12,8)))*86400+(VALUE(RIGHT(D54,6))-VALUE(RIGHT(D53,6)))/1000000)/ 60 -> 951.60155 | I54: =3600 * (G54-G53) / ((DATEVALUE(LEFT(D54, 10))-DATEVALUE(LEFT(D53, 10))) * 86400 + (TIMEVALUE(MID(D54, 12, 8)) - TIMEVALUE(MID(D53, 12, 8))) * 86400 + (VALUE(RIGHT(D54, 6)) - VALUE(RIGHT(D53, 6))) / 1000000) -> -0.0058876953 | J54: =(FLOOR(G54, 1) - FLOOR(G53, 1)) / H54 * 60 -> 0 | K54: =(MAX(G51:G72)/(DATEDIF(VALUE(DATE(2000+MID(B14,1,2),MID(B14,4,2),MID(B14,7,2))),VALUE(DATEVALUE(MID(D51,1,10))+TIMEVALUE(MID(D51,12,8))+MID(D51,21,6)/86400000),"d")*1440+(TIMEVALUE(MID(D51,12,8))-TIMEVALUE(RIGHT(B14,8)))*1440+MID(D51,21,6)/86400000+MAX(M51:M72))*60) -> -0.0022290008 | M54: =M53 + H54 -> 1995.9641 | N54: =(MID(F54, 2, 7) + MID(F54, 12, 8)) / 2 -> 0.164621
D55: 2024-09-23 14:03:36.314412 | E55: 2024-09-23 14:03:34.992958 | F55: [0.314412, 0.328495] | G55: =(DATEVALUE(LEFT(E55, 10))-DATEVALUE(LEFT(D55, 10))) * 86400 + (TIMEVALUE(MID(E55, 12, 8)) - TIMEVALUE(MID(D55, 12, 8))) * 86400 + (VALUE(RIGHT(E55, 6)) - VALUE(RIGHT(D55, 6))) / 1000000 -> -1.321454 | H55: =((DATEVALUE(LEFT(D55,10))-DATEVALUE(LEFT(D54,10)))*86400+(TIMEVALUE(MID(D55,12,8))-TIMEVALUE(MID(D54,12,8)))*86400+(VALUE(RIGHT(D55,6))-VALUE(RIGHT(D54,6)))/1000000)/ 60 -> 226.46929 | I55: =3600 * (G55-G54) / ((DATEVALUE(LEFT(D55, 10))-DATEVALUE(LEFT(D54, 10))) * 86400 + (TIMEVALUE(MID(D55, 12, 8)) - TIMEVALUE(MID(D54, 12, 8))) * 86400 + (VALUE(RIGHT(D55, 6)) - VALUE(RIGHT(D54, 6))) / 1000000) -> -0.041549739 | J55: =(FLOOR(G55, 1) - FLOOR(G54, 1)) / H55 * 60 -> 0 | M55: =M54 + H55 -> 2222.4333 | N55: =(MID(F55, 2, 7) + MID(F55, 12, 8)) / 2 -> 0.3214525
D56: 2024-09-24 00:04:29.938420 | E56: 2024-09-24 00:04:26.992326 | F56: [0.954095, 0.969105] | G56: =(DATEVALUE(LEFT(E56, 10))-DATEVALUE(LEFT(D56, 10))) * 86400 + (TIMEVALUE(MID(E56, 12, 8)) - TIMEVALUE(MID(D56, 12, 8))) * 86400 + (VALUE(RIGHT(E56, 6)) - VALUE(RIGHT(D56, 6))) / 1000000 -> -2.946094 | H56: =((DATEVALUE(LEFT(D56,10))-DATEVALUE(LEFT(D55,10)))*86400+(TIMEVALUE(MID(D56,12,8))-TIMEVALUE(MID(D55,12,8)))*86400+(VALUE(RIGHT(D56,6))-VALUE(RIGHT(D55,6)))/1000000)/ 60 -> 600.89373 | I56: =3600 * (G56-G55) / ((DATEVALUE(LEFT(D56, 10))-DATEVALUE(LEFT(D55, 10))) * 86400 + (TIMEVALUE(MID(D56, 12, 8)) - TIMEVALUE(MID(D55, 12, 8))) * 86400 + (VALUE(RIGHT(D56, 6)) - VALUE(RIGHT(D55, 6))) / 1000000) -> -0.16222236 | J56: =(FLOOR(G56, 1) - FLOOR(G55, 1)) / H56 * 60 -> -0.099851266 | K56: Standard Deviation | M56: =M55 + H56 -> 2823.3271 | N56: =(MID(F56, 2, 7) + MID(F56, 12, 8)) / 2 -> 0.9615975
D57: 2024-09-24 10:31:58.407565 | E57: 2024-09-24 10:31:54.992576 | F57: [0.423284, 0.438143] | G57: =(DATEVALUE(LEFT(E57, 10))-DATEVALUE(LEFT(D57, 10))) * 86400 + (TIMEVALUE(MID(E57, 12, 8)) - TIMEVALUE(MID(D57, 12, 8))) * 86400 + (VALUE(RIGHT(E57, 6)) - VALUE(RIGHT(D57, 6))) / 1000000 -> -3.414989 | H57: =((DATEVALUE(LEFT(D57,10))-DATEVALUE(LEFT(D56,10)))*86400+(TIMEVALUE(MID(D57,12,8))-TIMEVALUE(MID(D56,12,8)))*86400+(VALUE(RIGHT(D57,6))-VALUE(RIGHT(D56,6)))/1000000)/ 60 -> 627.47449 | I57: =3600 * (G57-G56) / ((DATEVALUE(LEFT(D57, 10))-DATEVALUE(LEFT(D56, 10))) * 86400 + (TIMEVALUE(MID(D57, 12, 8)) - TIMEVALUE(MID(D56, 12, 8))) * 86400 + (VALUE(RIGHT(D57, 6)) - VALUE(RIGHT(D56, 6))) / 1000000) -> -0.044836405 | J57: =(FLOOR(G57, 1) - FLOOR(G56, 1)) / H57 * 60 -> -0.095621418 | K57: =_xlfn.STDEV.P(I52:I72) -> 0.034409562 | M57: =M56 + H57 -> 3450.8016 | N57: =(MID(F57, 2, 7) + MID(F57, 12, 8)) / 2 -> 0.4307115
D58: 2024-09-25 00:53:11.969365 | E58: 2024-09-25 00:53:07.991902 | F58: [0.969365, 0.985562] | G58: =(DATEVALUE(LEFT(E58, 10))-DATEVALUE(LEFT(D58, 10))) * 86400 + (TIMEVALUE(MID(E58, 12, 8)) - TIMEVALUE(MID(D58, 12, 8))) * 86400 + (VALUE(RIGHT(E58, 6)) - VALUE(RIGHT(D58, 6))) / 1000000 -> -3.977463 | H58: =((DATEVALUE(LEFT(D58,10))-DATEVALUE(LEFT(D57,10)))*86400+(TIMEVALUE(MID(D58,12,8))-TIMEVALUE(MID(D57,12,8)))*86400+(VALUE(RIGHT(D58,6))-VALUE(RIGHT(D57,6)))/1000000)/ 60 -> 861.22603 | I58: =3600 * (G58-G57) / ((DATEVALUE(LEFT(D58, 10))-DATEVALUE(LEFT(D57, 10))) * 86400 + (TIMEVALUE(MID(D58, 12, 8)) - TIMEVALUE(MID(D57, 12, 8))) * 86400 + (VALUE(RIGHT(D58, 6)) - VALUE(RIGHT(D57, 6))) / 1000000) -> -0.039186507 | J58: =(FLOOR(G58, 1) - FLOOR(G57, 1)) / H58 * 60 -> 0 | M58: =M57 + H58 -> 4312.0276 | N58: =(MID(F58, 2, 7) + MID(F58, 12, 8)) / 2 -> 0.977461
D59: 2024-09-25 12:13:51.469879 | E59: 2024-09-25 12:13:46.992354 | F59: [0.469879, 0.485171] | G59: =(DATEVALUE(LEFT(E59, 10))-DATEVALUE(LEFT(D59, 10))) * 86400 + (TIMEVALUE(MID(E59, 12, 8)) - TIMEVALUE(MID(D59, 12, 8))) * 86400 + (VALUE(RIGHT(E59, 6)) - VALUE(RIGHT(D59, 6))) / 1000000 -> -4.477525 | H59: =((DATEVALUE(LEFT(D59,10))-DATEVALUE(LEFT(D58,10)))*86400+(TIMEVALUE(MID(D59,12,8))-TIMEVALUE(MID(D58,12,8)))*86400+(VALUE(RIGHT(D59,6))-VALUE(RIGHT(D58,6)))/1000000)/ 60 -> 680.65834 | I59: =3600 * (G59-G58) / ((DATEVALUE(LEFT(D59, 10))-DATEVALUE(LEFT(D58, 10))) * 86400 + (TIMEVALUE(MID(D59, 12, 8)) - TIMEVALUE(MID(D58, 12, 8))) * 86400 + (VALUE(RIGHT(D59, 6)) - VALUE(RIGHT(D58, 6))) / 1000000) -> -0.044080441 | J59: =(FLOOR(G59, 1) - FLOOR(G58, 1)) / H59 * 60 -> -0.088149952 | M59: =M58 + H59 -> 4992.6859 | N59: =(MID(F59, 2, 7) + MID(F59, 12, 8)) / 2 -> 0.4775205
D60: 2024-09-25 23:44:57.969278 | E60: 2024-09-25 23:44:52.992290 | F60: [0.969278, 0.984698] | G60: =(DATEVALUE(LEFT(E60, 10))-DATEVALUE(LEFT(D60, 10))) * 86400 + (TIMEVALUE(MID(E60, 12, 8)) - TIMEVALUE(MID(D60, 12, 8))) * 86400 + (VALUE(RIGHT(E60, 6)) - VALUE(RIGHT(D60, 6))) / 1000000 -> -4.976988 | H60: =((DATEVALUE(LEFT(D60,10))-DATEVALUE(LEFT(D59,10)))*86400+(TIMEVALUE(MID(D60,12,8))-TIMEVALUE(MID(D59,12,8)))*86400+(VALUE(RIGHT(D60,6))-VALUE(RIGHT(D59,6)))/1000000)/ 60 -> 691.10832 | I60: =3600 * (G60-G59) / ((DATEVALUE(LEFT(D60, 10))-DATEVALUE(LEFT(D59, 10))) * 86400 + (TIMEVALUE(MID(D60, 12, 8)) - TIMEVALUE(MID(D59, 12, 8))) * 86400 + (VALUE(RIGHT(D60, 6)) - VALUE(RIGHT(D59, 6))) / 1000000) -> -0.043361914 | J60: =(FLOOR(G60, 1) - FLOOR(G59, 1)) / H60 * 60 -> 0 | M60: =M59 + H60 -> 5683.7943 | N60: =(MID(F60, 2, 7) + MID(F60, 12, 8)) / 2 -> 0.976984
D61: 2024-09-26 18:12:43.781930 | E61: 2024-09-26 18:12:37.992209 | F61: [0.797100, 0.813213] | G61: =(DATEVALUE(LEFT(E61, 10))-DATEVALUE(LEFT(D61, 10))) * 86400 + (TIMEVALUE(MID(E61, 12, 8)) - TIMEVALUE(MID(D61, 12, 8))) * 86400 + (VALUE(RIGHT(E61, 6)) - VALUE(RIGHT(D61, 6))) / 1000000 -> -5.789721 | H61: =((DATEVALUE(LEFT(D61,10))-DATEVALUE(LEFT(D60,10)))*86400+(TIMEVALUE(MID(D61,12,8))-TIMEVALUE(MID(D60,12,8)))*86400+(VALUE(RIGHT(D61,6))-VALUE(RIGHT(D60,6)))/1000000)/ 60 -> 1107.7635 | I61: =3600 * (G61-G60) / ((DATEVALUE(LEFT(D61, 10))-DATEVALUE(LEFT(D60, 10))) * 86400 + (TIMEVALUE(MID(D61, 12, 8)) - TIMEVALUE(MID(D60, 12, 8))) * 86400 + (VALUE(RIGHT(D61, 6)) - VALUE(RIGHT(D60, 6))) / 1000000) -> -0.044020207 | J61: =(FLOOR(G61, 1) - FLOOR(G60, 1)) / H61 * 60 -> -0.054163183 | M61: =M60 + H61 -> 6791.5578 | N61: =(MID(F61, 2, 7) + MID(F61, 12, 8)) / 2 -> 0.8051565
D62: 2024-09-27 01:55:37.063626 | E62: 2024-09-27 01:55:30.992378 | F62: [0.079154, 0.094515] | G62: =(DATEVALUE(LEFT(E62, 10))-DATEVALUE(LEFT(D62, 10))) * 86400 + (TIMEVALUE(MID(E62, 12, 8)) - TIMEVALUE(MID(D62, 12, 8))) * 86400 + (VALUE(RIGHT(E62, 6)) - VALUE(RIGHT(D62, 6))) / 1000000 -> -6.071248 | H62: =((DATEVALUE(LEFT(D62,10))-DATEVALUE(LEFT(D61,10)))*86400+(TIMEVALUE(MID(D62,12,8))-TIMEVALUE(MID(D61,12,8)))*86400+(VALUE(RIGHT(D62,6))-VALUE(RIGHT(D61,6)))/1000000)/ 60 -> 462.88803 | I62: =3600 * (G62-G61) / ((DATEVALUE(LEFT(D62, 10))-DATEVALUE(LEFT(D61, 10))) * 86400 + (TIMEVALUE(MID(D62, 12, 8)) - TIMEVALUE(MID(D61, 12, 8))) * 86400 + (VALUE(RIGHT(D62, 6)) - VALUE(RIGHT(D61, 6))) / 1000000) -> -0.036491806 | J62: =(FLOOR(G62, 1) - FLOOR(G61, 1)) / H62 * 60 -> -0.12962098 | M62: =M61 + H62 -> 7254.4458 | N62: =(MID(F62, 2, 7) + MID(F62, 12, 8)) / 2 -> 0.0868325
D63: 2024-09-27 12:15:36.532116 | E63: 2024-09-27 12:15:29.992456 | F63: [0.532116, 0.547203] | G63: =(DATEVALUE(LEFT(E63, 10))-DATEVALUE(LEFT(D63, 10))) * 86400 + (TIMEVALUE(MID(E63, 12, 8)) - TIMEVALUE(MID(D63, 12, 8))) * 86400 + (VALUE(RIGHT(E63, 6)) - VALUE(RIGHT(D63, 6))) / 1000000 -> -6.53966 | H63: =((DATEVALUE(LEFT(D63,10))-DATEVALUE(LEFT(D62,10)))*86400+(TIMEVALUE(MID(D63,12,8))-TIMEVALUE(MID(D62,12,8)))*86400+(VALUE(RIGHT(D63,6))-VALUE(RIGHT(D62,6)))/1000000)/ 60 -> 619.99114 | I63: =3600 * (G63-G62) / ((DATEVALUE(LEFT(D63, 10))-DATEVALUE(LEFT(D62, 10))) * 86400 + (TIMEVALUE(MID(D63, 12, 8)) - TIMEVALUE(MID(D62, 12, 8))) * 86400 + (VALUE(RIGHT(D63, 6)) - VALUE(RIGHT(D62, 6))) / 1000000) -> -0.045330841 | J63: =(FLOOR(G63, 1) - FLOOR(G62, 1)) / H63 * 60 -> 0 | M63: =M62 + H63 -> 7874.437 | N63: =(MID(F63, 2, 7) + MID(F63, 12, 8)) / 2 -> 0.5396565
D64: 2024-09-28 01:00:17.002171 | E64: 2024-09-28 01:00:09.992510 | F64: [0.016636, 0.031976] | G64: =(DATEVALUE(LEFT(E64, 10))-DATEVALUE(LEFT(D64, 10))) * 86400 + (TIMEVALUE(MID(E64, 12, 8)) - TIMEVALUE(MID(D64, 12, 8))) * 86400 + (VALUE(RIGHT(E64, 6)) - VALUE(RIGHT(D64, 6))) / 1000000 -> -7.009661 | H64: =((DATEVALUE(LEFT(D64,10))-DATEVALUE(LEFT(D63,10)))*86400+(TIMEVALUE(MID(D64,12,8))-TIMEVALUE(MID(D63,12,8)))*86400+(VALUE(RIGHT(D64,6))-VALUE(RIGHT(D63,6)))/1000000)/ 60 -> 764.6745 | I64: =3600 * (G64-G63) / ((DATEVALUE(LEFT(D64, 10))-DATEVALUE(LEFT(D63, 10))) * 86400 + (TIMEVALUE(MID(D64, 12, 8)) - TIMEVALUE(MID(D63, 12, 8))) * 86400 + (VALUE(RIGHT(D64, 6)) - VALUE(RIGHT(D63, 6))) / 1000000) -> -0.036878515 | J64: =(FLOOR(G64, 1) - FLOOR(G63, 1)) / H64 * 60 -> -0.078464758 | M64: =M63 + H64 -> 8639.1115 | N64: =(MID(F64, 2, 7) + MID(F64, 12, 8)) / 2 -> 0.024303
D73: =("№"&B6&" - "&A6) -> №5 - ERR15
D74: Actual time | E74: Device time | F74: Interval | G74: Time drift (s) | H74: Time elapsed minutes | I74: Time drift per hour (with ms) | J74: Time drift per hour | K74: Average error (with ms) | L74: Average error (s/hr) | M74: Time from start (minutes)
D75: 2024-09-22 01:17:52.782067 | E75: 2024-09-22 01:17:51.992464 | F75: [0.782067, 0.797138] | G75: =(DATEVALUE(LEFT(E75, 10))-DATEVALUE(LEFT(D75, 10))) * 86400 + (TIMEVALUE(MID(E75, 12, 8)) - TIMEVALUE(MID(D75, 12, 8))) * 86400 + (VALUE(RIGHT(E75, 6)) - VALUE(RIGHT(D75, 6))) / 1000000 -> -0.789603 | K75: {=((LOOKUP(2,1/(G75:G96<>""),G75:G96) - G75)/SUM(H76:H97)) * 60} -> -0.0082762451 | L75: =((FLOOR(MAX(G75:G97), 1)-FLOOR(MIN(G75:G97), 1))/SUM(H76:H97)) * 60 -> 0.013937061 | M75: 0 | N75: =(MID(F75, 2, 7) + MID(F75, 12, 8)) / 2 -> 0.789599
D76: 2024-09-22 11:45:49.844725 | E76: 2024-09-22 11:45:48.992440 | F76: [0.860307, 0.875616] | G76: =(DATEVALUE(LEFT(E76, 10))-DATEVALUE(LEFT(D76, 10))) * 86400 + (TIMEVALUE(MID(E76, 12, 8)) - TIMEVALUE(MID(D76, 12, 8))) * 86400 + (VALUE(RIGHT(E76, 6)) - VALUE(RIGHT(D76, 6))) / 1000000 -> -0.852285 | H76: =((DATEVALUE(LEFT(D76,10))-DATEVALUE(LEFT(D75,10)))*86400+(TIMEVALUE(MID(D76,12,8))-TIMEVALUE(MID(D75,12,8)))*86400+(VALUE(RIGHT(D76,6))-VALUE(RIGHT(D75,6)))/1000000)/ 60 -> 627.95104 | I76: =3600 * (G76-G75) / ((DATEVALUE(LEFT(D76, 10))-DATEVALUE(LEFT(D75, 10))) * 86400 + (TIMEVALUE(MID(D76, 12, 8)) - TIMEVALUE(MID(D75, 12, 8))) * 86400 + (VALUE(RIGHT(D76, 6)) - VALUE(RIGHT(D75, 6))) / 1000000) -> -0.005989193 | J76: =(FLOOR(G76, 1) - FLOOR(G75, 1)) / H76 * 60 -> 0 | M76: =M75 + H76 -> 627.95104 | N76: =(MID(F76, 2, 7) + MID(F76, 12, 8)) / 2 -> 0.867958
D77: 2024-09-22 18:29:53.843933 | E77: 2024-09-22 18:29:52.992156 | F77: [0.843933, 0.859621] | G77: =(DATEVALUE(LEFT(E77, 10))-DATEVALUE(LEFT(D77, 10))) * 86400 + (TIMEVALUE(MID(E77, 12, 8)) - TIMEVALUE(MID(D77, 12, 8))) * 86400 + (VALUE(RIGHT(E77, 6)) - VALUE(RIGHT(D77, 6))) / 1000000 -> -0.851777 | H77: =((DATEVALUE(LEFT(D77,10))-DATEVALUE(LEFT(D76,10)))*86400+(TIMEVALUE(MID(D77,12,8))-TIMEVALUE(MID(D76,12,8)))*86400+(VALUE(RIGHT(D77,6))-VALUE(RIGHT(D76,6)))/1000000)/ 60 -> 404.06665 | I77: =3600 * (G77-G76) / ((DATEVALUE(LEFT(D77, 10))-DATEVALUE(LEFT(D76, 10))) * 86400 + (TIMEVALUE(MID(D77, 12, 8)) - TIMEVALUE(MID(D76, 12, 8))) * 86400 + (VALUE(RIGHT(D77, 6)) - VALUE(RIGHT(D76, 6))) / 1000000) -> 7.5433099e-05 | J77: =(FLOOR(G77, 1) - FLOOR(G76, 1)) / H77 * 60 -> 0 | K77: Average with time set | M77: =M76 + H77 -> 1032.0177 | N77: =(MID(F77, 2, 7) + MID(F77, 12, 8)) / 2 -> 0.8517755
D78: 2024-09-23 10:20:46.314256 | E78: 2024-09-23 10:20:45.992646 | F78: [0.314256, 0.328965] | G78: =(DATEVALUE(LEFT(E78, 10))-DATEVALUE(LEFT(D78, 10))) * 86400 + (TIMEVALUE(MID(E78, 12, 8)) - TIMEVALUE(MID(D78, 12, 8))) * 86400 + (VALUE(RIGHT(E78, 6)) - VALUE(RIGHT(D78, 6))) / 1000000 -> -0.32161 | H78: =((DATEVALUE(LEFT(D78,10))-DATEVALUE(LEFT(D77,10)))*86400+(TIMEVALUE(MID(D78,12,8))-TIMEVALUE(MID(D77,12,8)))*86400+(VALUE(RIGHT(D78,6))-VALUE(RIGHT(D77,6)))/1000000)/ 60 -> 950.87451 | I78: =3600 * (G78-G77) / ((DATEVALUE(LEFT(D78, 10))-DATEVALUE(LEFT(D77, 10))) * 86400 + (TIMEVALUE(MID(D78, 12, 8)) - TIMEVALUE(MID(D77, 12, 8))) * 86400 + (VALUE(RIGHT(D78, 6)) - VALUE(RIGHT(D77, 6))) / 1000000) -> 0.033453437 | J78: =(FLOOR(G78, 1) - FLOOR(G77, 1)) / H78 * 60 -> 0 | K78: =(MAX(G75:G96) / (DATEDIF(VALUE(DATE(2000 + MID(B15, 1, 2), MID(B15, 4, 2), MID(B15, 7, 2))), VALUE(DATEVALUE(MID(D75, 1, 10)) + TIMEVALUE(MID(D75, 12, 8)) + MID(D75, 21, 6) / 86400000), "d") * 1440 + (TIMEVALUE(MID(D75, 12, 8)) - TIMEVALUE(RIGHT(B15, 8))) * 1440 + MID(D75, 21, 6) / 86400000 + MAX(M75:M96))) * 60 -> -0.0022406827 | M78: =M77 + H78 -> 1982.8922 | N78: =(MID(F78, 2, 7) + MID(F78, 12, 8)) / 2 -> 0.3216075
D79: 2024-09-23 14:08:17.344690 | E79: 2024-09-23 14:08:16.992076 | F79: [0.344690, 0.360538] | G79: =(DATEVALUE(LEFT(E79, 10))-DATEVALUE(LEFT(D79, 10))) * 86400 + (TIMEVALUE(MID(E79, 12, 8)) - TIMEVALUE(MID(D79, 12, 8))) * 86400 + (VALUE(RIGHT(E79, 6)) - VALUE(RIGHT(D79, 6))) / 1000000 -> -0.352614 | H79: =((DATEVALUE(LEFT(D79,10))-DATEVALUE(LEFT(D78,10)))*86400+(TIMEVALUE(MID(D79,12,8))-TIMEVALUE(MID(D78,12,8)))*86400+(VALUE(RIGHT(D79,6))-VALUE(RIGHT(D78,6)))/1000000)/ 60 -> 227.51717 | I79: =3600 * (G79-G78) / ((DATEVALUE(LEFT(D79, 10))-DATEVALUE(LEFT(D78, 10))) * 86400 + (TIMEVALUE(MID(D79, 12, 8)) - TIMEVALUE(MID(D78, 12, 8))) * 86400 + (VALUE(RIGHT(D79, 6)) - VALUE(RIGHT(D78, 6))) / 1000000) -> -0.0081762619 | J79: =(FLOOR(G79, 1) - FLOOR(G78, 1)) / H79 * 60 -> 0 | M79: =M78 + H79 -> 2210.4094 | N79: =(MID(F79, 2, 7) + MID(F79, 12, 8)) / 2 -> 0.352614
D80: 2024-09-24 00:06:33.563113 | E80: 2024-09-24 00:06:31.992430 | F80: [0.578910, 0.593981] | G80: =(DATEVALUE(LEFT(E80, 10))-DATEVALUE(LEFT(D80, 10))) * 86400 + (TIMEVALUE(MID(E80, 12, 8)) - TIMEVALUE(MID(D80, 12, 8))) * 86400 + (VALUE(RIGHT(E80, 6)) - VALUE(RIGHT(D80, 6))) / 1000000 -> -1.570683 | H80: =((DATEVALUE(LEFT(D80,10))-DATEVALUE(LEFT(D79,10)))*86400+(TIMEVALUE(MID(D80,12,8))-TIMEVALUE(MID(D79,12,8)))*86400+(VALUE(RIGHT(D80,6))-VALUE(RIGHT(D79,6)))/1000000)/ 60 -> 598.27031 | I80: =3600 * (G80-G79) / ((DATEVALUE(LEFT(D80, 10))-DATEVALUE(LEFT(D79, 10))) * 86400 + (TIMEVALUE(MID(D80, 12, 8)) - TIMEVALUE(MID(D79, 12, 8))) * 86400 + (VALUE(RIGHT(D80, 6)) - VALUE(RIGHT(D79, 6))) / 1000000) -> -0.12215906 | J80: =(FLOOR(G80, 1) - FLOOR(G79, 1)) / H80 * 60 -> -0.10028912 | K80: Standard Deviation | M80: =M79 + H80 -> 2808.6797 | N80: =(MID(F80, 2, 7) + MID(F80, 12, 8)) / 2 -> 0.5864455
D81: 2024-09-24 11:19:16.656859 | E81: 2024-09-24 11:19:14.992122 | F81: [0.673042, 0.687849] | G81: =(DATEVALUE(LEFT(E81, 10))-DATEVALUE(LEFT(D81, 10))) * 86400 + (TIMEVALUE(MID(E81, 12, 8)) - TIMEVALUE(MID(D81, 12, 8))) * 86400 + (VALUE(RIGHT(E81, 6)) - VALUE(RIGHT(D81, 6))) / 1000000 -> -1.664737 | H81: =((DATEVALUE(LEFT(D81,10))-DATEVALUE(LEFT(D80,10)))*86400+(TIMEVALUE(MID(D81,12,8))-TIMEVALUE(MID(D80,12,8)))*86400+(VALUE(RIGHT(D81,6))-VALUE(RIGHT(D80,6)))/1000000)/ 60 -> 672.71823 | I81: =3600 * (G81-G80) / ((DATEVALUE(LEFT(D81, 10))-DATEVALUE(LEFT(D80, 10))) * 86400 + (TIMEVALUE(MID(D81, 12, 8)) - TIMEVALUE(MID(D80, 12, 8))) * 86400 + (VALUE(RIGHT(D81, 6)) - VALUE(RIGHT(D80, 6))) / 1000000) -> -0.0083887128 | J81: =(FLOOR(G81, 1) - FLOOR(G80, 1)) / H81 * 60 -> 0 | K81: =_xlfn.STDEV.P(I76:I96) -> 0.034133629 | M81: =M80 + H81 -> 3481.3979 | N81: =(MID(F81, 2, 7) + MID(F81, 12, 8)) / 2 -> 0.6804445
D82: 2024-09-25 01:05:15.657238 | E82: 2024-09-25 01:05:13.992296 | F82: [0.657238, 0.672647] | G82: =(DATEVALUE(LEFT(E82, 10))-DATEVALUE(LEFT(D82, 10))) * 86400 + (TIMEVALUE(MID(E82, 12, 8)) - TIMEVALUE(MID(D82, 12, 8))) * 86400 + (VALUE(RIGHT(E82, 6)) - VALUE(RIGHT(D82, 6))) / 1000000 -> -1.664942 | H82: =((DATEVALUE(LEFT(D82,10))-DATEVALUE(LEFT(D81,10)))*86400+(TIMEVALUE(MID(D82,12,8))-TIMEVALUE(MID(D81,12,8)))*86400+(VALUE(RIGHT(D82,6))-VALUE(RIGHT(D81,6)))/1000000)/ 60 -> 825.98334 | I82: =3600 * (G82-G81) / ((DATEVALUE(LEFT(D82, 10))-DATEVALUE(LEFT(D81, 10))) * 86400 + (TIMEVALUE(MID(D82, 12, 8)) - TIMEVALUE(MID(D81, 12, 8))) * 86400 + (VALUE(RIGHT(D82, 6)) - VALUE(RIGHT(D81, 6))) / 1000000) -> -1.4891342e-05 | J82: =(FLOOR(G82, 1) - FLOOR(G81, 1)) / H82 * 60 -> 0 | M82: =M81 + H82 -> 4307.3813 | N82: =(MID(F82, 2, 7) + MID(F82, 12, 8)) / 2 -> 0.6649385
D83: 2024-09-25 11:41:18.813327 | E83: 2024-09-25 11:41:16.992444 | F83: [0.813327, 0.828439] | G83: =(DATEVALUE(LEFT(E83, 10))-DATEVALUE(LEFT(D83, 10))) * 86400 + (TIMEVALUE(MID(E83, 12, 8)) - TIMEVALUE(MID(D83, 12, 8))) * 86400 + (VALUE(RIGHT(E83, 6)) - VALUE(RIGHT(D83, 6))) / 1000000 -> -1.820883 | H83: =((DATEVALUE(LEFT(D83,10))-DATEVALUE(LEFT(D82,10)))*86400+(TIMEVALUE(MID(D83,12,8))-TIMEVALUE(MID(D82,12,8)))*86400+(VALUE(RIGHT(D83,6))-VALUE(RIGHT(D82,6)))/1000000)/ 60 -> 636.0526 | I83: =3600 * (G83-G82) / ((DATEVALUE(LEFT(D83, 10))-DATEVALUE(LEFT(D82, 10))) * 86400 + (TIMEVALUE(MID(D83, 12, 8)) - TIMEVALUE(MID(D82, 12, 8))) * 86400 + (VALUE(RIGHT(D83, 6)) - VALUE(RIGHT(D82, 6))) / 1000000) -> -0.014710198 | J83: =(FLOOR(G83, 1) - FLOOR(G82, 1)) / H83 * 60 -> 0 | M83: =M82 + H83 -> 4943.4339 | N83: =(MID(F83, 2, 7) + MID(F83, 12, 8)) / 2 -> 0.8208795
D84: 2024-09-25 23:42:58.844030 | E84: 2024-09-25 23:42:56.992050 | F84: [0.860527, 0.875443] | G84: =(DATEVALUE(LEFT(E84, 10))-DATEVALUE(LEFT(D84, 10))) * 86400 + (TIMEVALUE(MID(E84, 12, 8)) - TIMEVALUE(MID(D84, 12, 8))) * 86400 + (VALUE(RIGHT(E84, 6)) - VALUE(RIGHT(D84, 6))) / 1000000 -> -1.85198 | H84: =((DATEVALUE(LEFT(D84,10))-DATEVALUE(LEFT(D83,10)))*86400+(TIMEVALUE(MID(D84,12,8))-TIMEVALUE(MID(D83,12,8)))*86400+(VALUE(RIGHT(D84,6))-VALUE(RIGHT(D83,6)))/1000000)/ 60 -> 721.66718 | I84: =3600 * (G84-G83) / ((DATEVALUE(LEFT(D84, 10))-DATEVALUE(LEFT(D83, 10))) * 86400 + (TIMEVALUE(MID(D84, 12, 8)) - TIMEVALUE(MID(D83, 12, 8))) * 86400 + (VALUE(RIGHT(D84, 6)) - VALUE(RIGHT(D83, 6))) / 1000000) -> -0.00258543 | J84: =(FLOOR(G84, 1) - FLOOR(G83, 1)) / H84 * 60 -> 0 | M84: =M83 + H84 -> 5665.101 | N84: =(MID(F84, 2, 7) + MID(F84, 12, 8)) / 2 -> 0.8679815
D85: 2024-09-26 18:14:49.968970 | E85: 2024-09-26 18:14:47.991961 | F85: [0.968970, 0.985048] | G85: =(DATEVALUE(LEFT(E85, 10))-DATEVALUE(LEFT(D85, 10))) * 86400 + (TIMEVALUE(MID(E85, 12, 8)) - TIMEVALUE(MID(D85, 12, 8))) * 86400 + (VALUE(RIGHT(E85, 6)) - VALUE(RIGHT(D85, 6))) / 1000000 -> -1.977009 | H85: =((DATEVALUE(LEFT(D85,10))-DATEVALUE(LEFT(D84,10)))*86400+(TIMEVALUE(MID(D85,12,8))-TIMEVALUE(MID(D84,12,8)))*86400+(VALUE(RIGHT(D85,6))-VALUE(RIGHT(D84,6)))/1000000)/ 60 -> 1111.8521 | I85: =3600 * (G85-G84) / ((DATEVALUE(LEFT(D85, 10))-DATEVALUE(LEFT(D84, 10))) * 86400 + (TIMEVALUE(MID(D85, 12, 8)) - TIMEVALUE(MID(D84, 12, 8))) * 86400 + (VALUE(RIGHT(D85, 6)) - VALUE(RIGHT(D84, 6))) / 1000000) -> -0.0067470666 | J85: =(FLOOR(G85, 1) - FLOOR(G84, 1)) / H85 * 60 -> 0 | M85: =M84 + H85 -> 6776.9531 | N85: =(MID(F85, 2, 7) + MID(F85, 12, 8)) / 2 -> 0.977009
D86: 2024-09-27 02:04:17.937797 | E86: 2024-09-27 02:04:15.992214 | F86: [0.954003, 0.969720] | G86: =(DATEVALUE(LEFT(E86, 10))-DATEVALUE(LEFT(D86, 10))) * 86400 + (TIMEVALUE(MID(E86, 12, 8)) - TIMEVALUE(MID(D86, 12, 8))) * 86400 + (VALUE(RIGHT(E86, 6)) - VALUE(RIGHT(D86, 6))) / 1000000 -> -1.945583 | H86: =((DATEVALUE(LEFT(D86,10))-DATEVALUE(LEFT(D85,10)))*86400+(TIMEVALUE(MID(D86,12,8))-TIMEVALUE(MID(D85,12,8)))*86400+(VALUE(RIGHT(D86,6))-VALUE(RIGHT(D85,6)))/1000000)/ 60 -> 469.46615 | I86: =3600 * (G86-G85) / ((DATEVALUE(LEFT(D86, 10))-DATEVALUE(LEFT(D85, 10))) * 86400 + (TIMEVALUE(MID(D86, 12, 8)) - TIMEVALUE(MID(D85, 12, 8))) * 86400 + (VALUE(RIGHT(D86, 6)) - VALUE(RIGHT(D85, 6))) / 1000000) -> 0.0040163918 | J86: =(FLOOR(G86, 1) - FLOOR(G85, 1)) / H86 * 60 -> 0 | M86: =M85 + H86 -> 7246.4193 | N86: =(MID(F86, 2, 7) + MID(F86, 12, 8)) / 2 -> 0.96186
D87: 2024-09-27 12:29:14.001141 | E87: 2024-09-27 12:29:11.992684 | F87: [0.001141, 0.015773] | G87: =(DATEVALUE(LEFT(E87, 10))-DATEVALUE(LEFT(D87, 10))) * 86400 + (TIMEVALUE(MID(E87, 12, 8)) - TIMEVALUE(MID(D87, 12, 8))) * 86400 + (VALUE(RIGHT(E87, 6)) - VALUE(RIGHT(D87, 6))) / 1000000 -> -2.008457 | H87: =((DATEVALUE(LEFT(D87,10))-DATEVALUE(LEFT(D86,10)))*86400+(TIMEVALUE(MID(D87,12,8))-TIMEVALUE(MID(D86,12,8)))*86400+(VALUE(RIGHT(D87,6))-VALUE(RIGHT(D86,6)))/1000000)/ 60 -> 624.93439 | I87: =3600 * (G87-G86) / ((DATEVALUE(LEFT(D87, 10))-DATEVALUE(LEFT(D86, 10))) * 86400 + (TIMEVALUE(MID(D87, 12, 8)) - TIMEVALUE(MID(D86, 12, 8))) * 86400 + (VALUE(RIGHT(D87, 6)) - VALUE(RIGHT(D86, 6))) / 1000000) -> -0.0060365377 | J87: =(FLOOR(G87, 1) - FLOOR(G86, 1)) / H87 * 60 -> -0.096010079 | M87: =M86 + H87 -> 7871.3537 | N87: =(MID(F87, 2, 7) + MID(F87, 12, 8)) / 2 -> 0.0084565
D88: 2024-09-28 00:48:00.969835 | E88: 2024-09-28 00:47:58.992572 | F88: [0.985029, 0.999999] | G88: =(DATEVALUE(LEFT(E88, 10))-DATEVALUE(LEFT(D88, 10))) * 86400 + (TIMEVALUE(MID(E88, 12, 8)) - TIMEVALUE(MID(D88, 12, 8))) * 86400 + (VALUE(RIGHT(E88, 6)) - VALUE(RIGHT(D88, 6))) / 1000000 -> -1.977263 | H88: =((DATEVALUE(LEFT(D88,10))-DATEVALUE(LEFT(D87,10)))*86400+(TIMEVALUE(MID(D88,12,8))-TIMEVALUE(MID(D87,12,8)))*86400+(VALUE(RIGHT(D88,6))-VALUE(RIGHT(D87,6)))/1000000)/ 60 -> 738.78281 | I88: =3600 * (G88-G87) / ((DATEVALUE(LEFT(D88, 10))-DATEVALUE(LEFT(D87, 10))) * 86400 + (TIMEVALUE(MID(D88, 12, 8)) - TIMEVALUE(MID(D87, 12, 8))) * 86400 + (VALUE(RIGHT(D88, 6)) - VALUE(RIGHT(D87, 6))) / 1000000) -> 0.0025334103 | J88: =(FLOOR(G88, 1) - FLOOR(G87, 1)) / H88 * 60 -> 0.081214667 | M88: =M87 + H88 -> 8610.1365 | N88: =(MID(F88, 2, 7) + MID(F88, 12, 8)) / 2 -> 0.9925095
D97: =("№"&B7&" - "&A7) -> №6 - IMG COR LSU
D98: Actual time | E98: Device time | F98: Interval | G98: Time drift (s) | H98: Time elapsed minutes | I98: Time drift per hour (with ms) | J98: Time drift per hour | K98: Average error (with ms) | L98: Average error (s/hr) | M98: Time from start (minutes)
D99: 2024-09-22 01:22:47.376325 | E99: 2024-09-22 01:22:46.992613 | F99: [0.376325, 0.391099] | G99: =(DATEVALUE(LEFT(E99, 10))-DATEVALUE(LEFT(D99, 10))) * 86400 + (TIMEVALUE(MID(E99, 12, 8)) - TIMEVALUE(MID(D99, 12, 8))) * 86400 + (VALUE(RIGHT(E99, 6)) - VALUE(RIGHT(D99, 6))) / 1000000 -> -0.383712 | K99: {=((LOOKUP(2,1/(G99:G120<>""),G99:G120) - G99)/SUM(H100:H121)) * 60} -> 0.072696316 | L99: =((FLOOR(MAX(G99:G121), 1)-FLOOR(MIN(G99:G121), 1))/SUM(H100:H121)) * 60 -> 0.076612555 | M99: 0 | N99: =(MID(F99, 2, 7) + MID(F99, 12, 8)) / 2 -> 0.3837095
D100: 2024-09-22 12:24:54.531567 | E100: 2024-09-22 12:24:54.992216 | F100: [0.531567, 0.547136] | G100: =(DATEVALUE(LEFT(E100, 10))-DATEVALUE(LEFT(D100, 10))) * 86400 + (TIMEVALUE(MID(E100, 12, 8)) - TIMEVALUE(MID(D100, 12, 8))) * 86400 + (VALUE(RIGHT(E100, 6)) - VALUE(RIGHT(D100, 6))) / 1000000 -> 0.460649 | H100: =((DATEVALUE(LEFT(D100,10))-DATEVALUE(LEFT(D99,10)))*86400+(TIMEVALUE(MID(D100,12,8))-TIMEVALUE(MID(D99,12,8)))*86400+(VALUE(RIGHT(D100,6))-VALUE(RIGHT(D99,6)))/1000000)/ 60 -> 662.11925 | I100: =3600 * (G100-G99) / ((DATEVALUE(LEFT(D100, 10))-DATEVALUE(LEFT(D99, 10))) * 86400 + (TIMEVALUE(MID(D100, 12, 8)) - TIMEVALUE(MID(D99, 12, 8))) * 86400 + (VALUE(RIGHT(D100, 6)) - VALUE(RIGHT(D99, 6))) / 1000000) -> 0.076514404 | J100: =(FLOOR(G100, 1) - FLOOR(G99, 1)) / H100 * 60 -> 0.090618117 | M100: =M99 + H100 -> 662.11925 | N100: =(MID(F100, 2, 7) + MID(F100, 12, 8)) / 2 -> 0.539348
D101: 2024-09-22 18:32:57.000605 | E101: 2024-09-22 18:32:57.991712 | F101: [0.000605, 0.017182] | G101: =(DATEVALUE(LEFT(E101, 10))-DATEVALUE(LEFT(D101, 10))) * 86400 + (TIMEVALUE(MID(E101, 12, 8)) - TIMEVALUE(MID(D101, 12, 8))) * 86400 + (VALUE(RIGHT(E101, 6)) - VALUE(RIGHT(D101, 6))) / 1000000 -> 0.991107 | H101: =((DATEVALUE(LEFT(D101,10))-DATEVALUE(LEFT(D100,10)))*86400+(TIMEVALUE(MID(D101,12,8))-TIMEVALUE(MID(D100,12,8)))*86400+(VALUE(RIGHT(D101,6))-VALUE(RIGHT(D100,6)))/1000000)/ 60 -> 368.04115 | I101: =3600 * (G101-G100) / ((DATEVALUE(LEFT(D101, 10))-DATEVALUE(LEFT(D100, 10))) * 86400 + (TIMEVALUE(MID(D101, 12, 8)) - TIMEVALUE(MID(D100, 12, 8))) * 86400 + (VALUE(RIGHT(D101, 6)) - VALUE(RIGHT(D100, 6))) / 1000000) -> 0.086478047 | J101: =(FLOOR(G101, 1) - FLOOR(G100, 1)) / H101 * 60 -> 0 | K101: Average with time set | M101: =M100 + H101 -> 1030.1604 | N101: =(MID(F101, 2, 7) + MID(F101, 12, 8)) / 2 -> 0.008891
D102: 2024-09-23 10:28:19.158682 | E102: 2024-09-23 10:28:21.992290 | F102: [0.172224, 0.188467] | G102: =(DATEVALUE(LEFT(E102, 10))-DATEVALUE(LEFT(D102, 10))) * 86400 + (TIMEVALUE(MID(E102, 12, 8)) - TIMEVALUE(MID(D102, 12, 8))) * 86400 + (VALUE(RIGHT(E102, 6)) - VALUE(RIGHT(D102, 6))) / 1000000 -> 2.833608 | H102: =((DATEVALUE(LEFT(D102,10))-DATEVALUE(LEFT(D101,10)))*86400+(TIMEVALUE(MID(D102,12,8))-TIMEVALUE(MID(D101,12,8)))*86400+(VALUE(RIGHT(D102,6))-VALUE(RIGHT(D101,6)))/1000000)/ 60 -> 955.3693 | I102: =3600 * (G102-G101) / ((DATEVALUE(LEFT(D102, 10))-DATEVALUE(LEFT(D101, 10))) * 86400 + (TIMEVALUE(MID(D102, 12, 8)) - TIMEVALUE(MID(D101, 12, 8))) * 86400 + (VALUE(RIGHT(D102, 6)) - VALUE(RIGHT(D101, 6))) / 1000000) -> 0.11571448 | J102: =(FLOOR(G102, 1) - FLOOR(G101, 1)) / H102 * 60 -> 0.12560588 | K102: =(MAX(G99:G120) / (DATEDIF(VALUE(DATE(2000 + MID(B16, 1, 2), MID(B16, 4, 2), MID(B16, 7, 2))), VALUE(DATEVALUE(MID(D99, 1, 10)) + TIMEVALUE(MID(D99, 12, 8)) + MID(D99, 21, 6) / 86400000), "d") * 1440 + (TIMEVALUE(MID(D99, 12, 8)) - TIMEVALUE(RIGHT(B16, 8))) * 1440 + MID(D99, 21, 6) / 86400000 + MAX(M99:M120))) * 60 -> 0.070010403 | M102: =M101 + H102 -> 1985.5297 | N102: =(MID(F102, 2, 7) + MID(F102, 12, 8)) / 2 -> 0.1803435
D103: 2024-09-23 14:00:49.907380 | E103: 2024-09-23 14:00:52.992170 | F103: [0.922360, 0.938352] | G103: =(DATEVALUE(LEFT(E103, 10))-DATEVALUE(LEFT(D103, 10))) * 86400 + (TIMEVALUE(MID(E103, 12, 8)) - TIMEVALUE(MID(D103, 12, 8))) * 86400 + (VALUE(RIGHT(E103, 6)) - VALUE(RIGHT(D103, 6))) / 1000000 -> 3.08479 | H103: =((DATEVALUE(LEFT(D103,10))-DATEVALUE(LEFT(D102,10)))*86400+(TIMEVALUE(MID(D103,12,8))-TIMEVALUE(MID(D102,12,8)))*86400+(VALUE(RIGHT(D103,6))-VALUE(RIGHT(D102,6)))/1000000)/ 60 -> 212.51248 | I103: =3600 * (G103-G102) / ((DATEVALUE(LEFT(D103, 10))-DATEVALUE(LEFT(D102, 10))) * 86400 + (TIMEVALUE(MID(D103, 12, 8)) - TIMEVALUE(MID(D102, 12, 8))) * 86400 + (VALUE(RIGHT(D103, 6)) - VALUE(RIGHT(D102, 6))) / 1000000) -> 0.070917812 | J103: =(FLOOR(G103, 1) - FLOOR(G102, 1)) / H103 * 60 -> 0.28233636 | M103: =M102 + H103 -> 2198.0422 | N103: =(MID(F103, 2, 7) + MID(F103, 12, 8)) / 2 -> 0.930356
D104: 2024-09-23 23:48:31.376892 | E104: 2024-09-23 23:48:33.992890 | F104: [0.376892, 0.391111] | G104: =(DATEVALUE(LEFT(E104, 10))-DATEVALUE(LEFT(D104, 10))) * 86400 + (TIMEVALUE(MID(E104, 12, 8)) - TIMEVALUE(MID(D104, 12, 8))) * 86400 + (VALUE(RIGHT(E104, 6)) - VALUE(RIGHT(D104, 6))) / 1000000 -> 2.615998 | H104: =((DATEVALUE(LEFT(D104,10))-DATEVALUE(LEFT(D103,10)))*86400+(TIMEVALUE(MID(D104,12,8))-TIMEVALUE(MID(D103,12,8)))*86400+(VALUE(RIGHT(D104,6))-VALUE(RIGHT(D103,6)))/1000000)/ 60 -> 587.69116 | I104: =3600 * (G104-G103) / ((DATEVALUE(LEFT(D104, 10))-DATEVALUE(LEFT(D103, 10))) * 86400 + (TIMEVALUE(MID(D104, 12, 8)) - TIMEVALUE(MID(D103, 12, 8))) * 86400 + (VALUE(RIGHT(D104, 6)) - VALUE(RIGHT(D103, 6))) / 1000000) -> -0.047861057 | J104: =(FLOOR(G104, 1) - FLOOR(G103, 1)) / H104 * 60 -> -0.10209444 | K104: Standard Deviation | M104: =M103 + H104 -> 2785.7333 | N104: =(MID(F104, 2, 7) + MID(F104, 12, 8)) / 2 -> 0.3840005
D105: 2024-09-24 11:17:04.563508 | E105: 2024-09-24 11:17:07.992166 | F105: [0.563508, 0.579175] | G105: =(DATEVALUE(LEFT(E105, 10))-DATEVALUE(LEFT(D105, 10))) * 86400 + (TIMEVALUE(MID(E105, 12, 8)) - TIMEVALUE(MID(D105, 12, 8))) * 86400 + (VALUE(RIGHT(E105, 6)) - VALUE(RIGHT(D105, 6))) / 1000000 -> 3.428658 | H105: =((DATEVALUE(LEFT(D105,10))-DATEVALUE(LEFT(D104,10)))*86400+(TIMEVALUE(MID(D105,12,8))-TIMEVALUE(MID(D104,12,8)))*86400+(VALUE(RIGHT(D105,6))-VALUE(RIGHT(D104,6)))/1000000)/ 60 -> 688.55311 | I105: =3600 * (G105-G104) / ((DATEVALUE(LEFT(D105, 10))-DATEVALUE(LEFT(D104, 10))) * 86400 + (TIMEVALUE(MID(D105, 12, 8)) - TIMEVALUE(MID(D104, 12, 8))) * 86400 + (VALUE(RIGHT(D105, 6)) - VALUE(RIGHT(D104, 6))) / 1000000) -> 0.070814581 | J105: =(FLOOR(G105, 1) - FLOOR(G104, 1)) / H105 * 60 -> 0.087139248 | K105: =_xlfn.STDEV.P(I100:I120) -> 0.036002478 | M105: =M104 + H105 -> 3474.2865 | N105: =(MID(F105, 2, 7) + MID(F105, 12, 8)) / 2 -> 0.5713375
D106: 2024-09-25 01:02:49.407077 | E106: 2024-09-25 01:02:53.992217 | F106: [0.423088, 0.437789] | G106: =(DATEVALUE(LEFT(E106, 10))-DATEVALUE(LEFT(D106, 10))) * 86400 + (TIMEVALUE(MID(E106, 12, 8)) - TIMEVALUE(MID(D106, 12, 8))) * 86400 + (VALUE(RIGHT(E106, 6)) - VALUE(RIGHT(D106, 6))) / 1000000 -> 4.58514 | H106: =((DATEVALUE(LEFT(D106,10))-DATEVALUE(LEFT(D105,10)))*86400+(TIMEVALUE(MID(D106,12,8))-TIMEVALUE(MID(D105,12,8)))*86400+(VALUE(RIGHT(D106,6))-VALUE(RIGHT(D105,6)))/1000000)/ 60 -> 825.74739 | I106: =3600 * (G106-G105) / ((DATEVALUE(LEFT(D106, 10))-DATEVALUE(LEFT(D105, 10))) * 86400 + (TIMEVALUE(MID(D106, 12, 8)) - TIMEVALUE(MID(D105, 12, 8))) * 86400 + (VALUE(RIGHT(D106, 6)) - VALUE(RIGHT(D105, 6))) / 1000000) -> 0.084031655 | J106: =(FLOOR(G106, 1) - FLOOR(G105, 1)) / H106 * 60 -> 0.072661446 | M106: =M105 + H106 -> 4300.0338 | N106: =(MID(F106, 2, 7) + MID(F106, 12, 8)) / 2 -> 0.4304345
D107: 2024-09-25 11:53:45.625940 | E107: 2024-09-25 11:53:50.992280 | F107: [0.625940, 0.641379] | G107: =(DATEVALUE(LEFT(E107, 10))-DATEVALUE(LEFT(D107, 10))) * 86400 + (TIMEVALUE(MID(E107, 12, 8)) - TIMEVALUE(MID(D107, 12, 8))) * 86400 + (VALUE(RIGHT(E107, 6)) - VALUE(RIGHT(D107, 6))) / 1000000 -> 5.36634 | H107: =((DATEVALUE(LEFT(D107,10))-DATEVALUE(LEFT(D106,10)))*86400+(TIMEVALUE(MID(D107,12,8))-TIMEVALUE(MID(D106,12,8)))*86400+(VALUE(RIGHT(D107,6))-VALUE(RIGHT(D106,6)))/1000000)/ 60 -> 650.93698 | I107: =3600 * (G107-G106) / ((DATEVALUE(LEFT(D107, 10))-DATEVALUE(LEFT(D106, 10))) * 86400 + (TIMEVALUE(MID(D107, 12, 8)) - TIMEVALUE(MID(D106, 12, 8))) * 86400 + (VALUE(RIGHT(D107, 6)) - VALUE(RIGHT(D106, 6))) / 1000000) -> 0.072006971 | J107: =(FLOOR(G107, 1) - FLOOR(G106, 1)) / H107 * 60 -> 0.092174821 | M107: =M106 + H107 -> 4950.9708 | N107: =(MID(F107, 2, 7) + MID(F107, 12, 8)) / 2 -> 0.6336595
D108: 2024-09-25 23:39:03.720418 | E108: 2024-09-25 23:39:09.992754 | F108: [0.735573, 0.750786] | G108: =(DATEVALUE(LEFT(E108, 10))-DATEVALUE(LEFT(D108, 10))) * 86400 + (TIMEVALUE(MID(E108, 12, 8)) - TIMEVALUE(MID(D108, 12, 8))) * 86400 + (VALUE(RIGHT(E108, 6)) - VALUE(RIGHT(D108, 6))) / 1000000 -> 6.272336 | H108: =((DATEVALUE(LEFT(D108,10))-DATEVALUE(LEFT(D107,10)))*86400+(TIMEVALUE(MID(D108,12,8))-TIMEVALUE(MID(D107,12,8)))*86400+(VALUE(RIGHT(D108,6))-VALUE(RIGHT(D107,6)))/1000000)/ 60 -> 705.30157 | I108: =3600 * (G108-G107) / ((DATEVALUE(LEFT(D108, 10))-DATEVALUE(LEFT(D107, 10))) * 86400 + (TIMEVALUE(MID(D108, 12, 8)) - TIMEVALUE(MID(D107, 12, 8))) * 86400 + (VALUE(RIGHT(D108, 6)) - VALUE(RIGHT(D107, 6))) / 1000000) -> 0.077073073 | J108: =(FLOOR(G108, 1) - FLOOR(G107, 1)) / H108 * 60 -> 0.085069993 | M108: =M107 + H108 -> 5656.2724 | N108: =(MID(F108, 2, 7) + MID(F108, 12, 8)) / 2 -> 0.743178
D109: 2024-09-26 18:17:08.378803 | E109: 2024-09-26 18:17:15.993501 | F109: [0.378803, 0.391801] | G109: =(DATEVALUE(LEFT(E109, 10))-DATEVALUE(LEFT(D109, 10))) * 86400 + (TIMEVALUE(MID(E109, 12, 8)) - TIMEVALUE(MID(D109, 12, 8))) * 86400 + (VALUE(RIGHT(E109, 6)) - VALUE(RIGHT(D109, 6))) / 1000000 -> 7.614698 | H109: =((DATEVALUE(LEFT(D109,10))-DATEVALUE(LEFT(D108,10)))*86400+(TIMEVALUE(MID(D109,12,8))-TIMEVALUE(MID(D108,12,8)))*86400+(VALUE(RIGHT(D109,6))-VALUE(RIGHT(D108,6)))/1000000)/ 60 -> 1118.0776 | I109: =3600 * (G109-G108) / ((DATEVALUE(LEFT(D109, 10))-DATEVALUE(LEFT(D108, 10))) * 86400 + (TIMEVALUE(MID(D109, 12, 8)) - TIMEVALUE(MID(D108, 12, 8))) * 86400 + (VALUE(RIGHT(D109, 6)) - VALUE(RIGHT(D108, 6))) / 1000000) -> 0.072035892 | J109: =(FLOOR(G109, 1) - FLOOR(G108, 1)) / H109 * 60 -> 0.053663536 | M109: =M108 + H109 -> 6774.35 | N109: =(MID(F109, 2, 7) + MID(F109, 12, 8)) / 2 -> 0.3853005
D110: 2024-09-27 01:58:47.751906 | E110: 2024-09-27 01:58:55.992898 | F110: [0.751906, 0.766110] | G110: =(DATEVALUE(LEFT(E110, 10))-DATEVALUE(LEFT(D110, 10))) * 86400 + (TIMEVALUE(MID(E110, 12, 8)) - TIMEVALUE(MID(D110, 12, 8))) * 86400 + (VALUE(RIGHT(E110, 6)) - VALUE(RIGHT(D110, 6))) / 1000000 -> 8.240992 | H110: =((DATEVALUE(LEFT(D110,10))-DATEVALUE(LEFT(D109,10)))*86400+(TIMEVALUE(MID(D110,12,8))-TIMEVALUE(MID(D109,12,8)))*86400+(VALUE(RIGHT(D110,6))-VALUE(RIGHT(D109,6)))/1000000)/ 60 -> 461.65622 | I110: =3600 * (G110-G109) / ((DATEVALUE(LEFT(D110, 10))-DATEVALUE(LEFT(D109, 10))) * 86400 + (TIMEVALUE(MID(D110, 12, 8)) - TIMEVALUE(MID(D109, 12, 8))) * 86400 + (VALUE(RIGHT(D110, 6)) - VALUE(RIGHT(D109, 6))) / 1000000) -> 0.081397452 | J110: =(FLOOR(G110, 1) - FLOOR(G109, 1)) / H110 * 60 -> 0.12996684 | M110: =M109 + H110 -> 7236.0063 | N110: =(MID(F110, 2, 7) + MID(F110, 12, 8)) / 2 -> 0.759005
D111: 2024-09-27 12:23:57.969667 | E111: 2024-09-27 12:24:06.992418 | F111: [0.969667, 0.984830] | G111: =(DATEVALUE(LEFT(E111, 10))-DATEVALUE(LEFT(D111, 10))) * 86400 + (TIMEVALUE(MID(E111, 12, 8)) - TIMEVALUE(MID(D111, 12, 8))) * 86400 + (VALUE(RIGHT(E111, 6)) - VALUE(RIGHT(D111, 6))) / 1000000 -> 9.022751 | H111: =((DATEVALUE(LEFT(D111,10))-DATEVALUE(LEFT(D110,10)))*86400+(TIMEVALUE(MID(D111,12,8))-TIMEVALUE(MID(D110,12,8)))*86400+(VALUE(RIGHT(D111,6))-VALUE(RIGHT(D110,6)))/1000000)/ 60 -> 625.1703 | I111: =3600 * (G111-G110) / ((DATEVALUE(LEFT(D111, 10))-DATEVALUE(LEFT(D110, 10))) * 86400 + (TIMEVALUE(MID(D111, 12, 8)) - TIMEVALUE(MID(D110, 12, 8))) * 86400 + (VALUE(RIGHT(D111, 6)) - VALUE(RIGHT(D110, 6))) / 1000000) -> 0.075028421 | J111: =(FLOOR(G111, 1) - FLOOR(G110, 1)) / H111 * 60 -> 0.09597385 | M111: =M110 + H111 -> 7861.1766 | N111: =(MID(F111, 2, 7) + MID(F111, 12, 8)) / 2 -> 0.977245
D112: 2024-09-28 00:57:33.938520 | E112: 2024-09-28 00:57:43.992516 | F112: [0.938520, 0.953488] | G112: =(DATEVALUE(LEFT(E112, 10))-DATEVALUE(LEFT(D112, 10))) * 86400 + (TIMEVALUE(MID(E112, 12, 8)) - TIMEVALUE(MID(D112, 12, 8))) * 86400 + (VALUE(RIGHT(E112, 6)) - VALUE(RIGHT(D112, 6))) / 1000000 -> 10.053996 | H112: =((DATEVALUE(LEFT(D112,10))-DATEVALUE(LEFT(D111,10)))*86400+(TIMEVALUE(MID(D112,12,8))-TIMEVALUE(MID(D111,12,8)))*86400+(VALUE(RIGHT(D112,6))-VALUE(RIGHT(D111,6)))/1000000)/ 60 -> 753.59948 | I112: =3600 * (G112-G111) / ((DATEVALUE(LEFT(D112, 10))-DATEVALUE(LEFT(D111, 10))) * 86400 + (TIMEVALUE(MID(D112, 12, 8)) - TIMEVALUE(MID(D111, 12, 8))) * 86400 + (VALUE(RIGHT(D112, 6)) - VALUE(RIGHT(D111, 6))) / 1000000) -> 0.08210555 | J112: =(FLOOR(G112, 1) - FLOOR(G111, 1)) / H112 * 60 -> 0.079617889 | M112: =M111 + H112 -> 8614.776 | N112: =(MID(F112, 2, 7) + MID(F112, 12, 8)) / 2 -> 0.946004
D121: =("№"&B8&" - "&A8) -> №7 - IVAN ERR15
D122: Actual time | E122: Device time | F122: Interval | G122: Time drift (s) | H122: Time elapsed minutes | I122: Time drift per hour (with ms) | J122: Time drift per hour | K122: Average error (with ms) | L122: Average error (s/hr) | M122: Time from start (minutes)
D123: 2024-09-22 01:31:08.876039 | E123: 2024-09-22 01:31:07.992520 | F123: [0.891992, 0.906384] | G123: =(DATEVALUE(LEFT(E123, 10))-DATEVALUE(LEFT(D123, 10))) * 86400 + (TIMEVALUE(MID(E123, 12, 8)) - TIMEVALUE(MID(D123, 12, 8))) * 86400 + (VALUE(RIGHT(E123, 6)) - VALUE(RIGHT(D123, 6))) / 1000000 -> -0.883519 | K123: {=((LOOKUP(2,1/(G123:G144<>""),G123:G144) - G123)/SUM(H124:H144)) * 60} -> 0.11344305 | L123: =((FLOOR(MAX(G123:G145), 1)-FLOOR(MIN(G123:G145), 1))/SUM(H124:H145)) * 60 -> 0.11148321 | M123: 0 | N123: =(MID(F123, 2, 7) + MID(F123, 12, 8)) / 2 -> 0.899187
D124: 2024-09-22 12:30:42.626545 | E124: 2024-09-22 12:30:42.992766 | F124: [0.626545, 0.641013] | G124: =(DATEVALUE(LEFT(E124, 10))-DATEVALUE(LEFT(D124, 10))) * 86400 + (TIMEVALUE(MID(E124, 12, 8)) - TIMEVALUE(MID(D124, 12, 8))) * 86400 + (VALUE(RIGHT(E124, 6)) - VALUE(RIGHT(D124, 6))) / 1000000 -> 0.366221 | H124: =((DATEVALUE(LEFT(D124,10))-DATEVALUE(LEFT(D123,10)))*86400+(TIMEVALUE(MID(D124,12,8))-TIMEVALUE(MID(D123,12,8)))*86400+(VALUE(RIGHT(D124,6))-VALUE(RIGHT(D123,6)))/1000000)/ 60 -> 659.56251 | I124: =3600 * (G124-G123) / ((DATEVALUE(LEFT(D124, 10))-DATEVALUE(LEFT(D123, 10))) * 86400 + (TIMEVALUE(MID(D124, 12, 8)) - TIMEVALUE(MID(D123, 12, 8))) * 86400 + (VALUE(RIGHT(D124, 6)) - VALUE(RIGHT(D123, 6))) / 1000000) -> 0.11368809 | J124: =(FLOOR(G124, 1) - FLOOR(G123, 1)) / H124 * 60 -> 0.090969391 | M124: =M123 + H124 -> 659.56251 | N124: =(MID(F124, 2, 7) + MID(F124, 12, 8)) / 2 -> 0.6337765
D125: 2024-09-22 18:36:56.907651 | E125: 2024-09-22 18:36:57.992721 | F125: [0.907651, 0.922209] | G125: =(DATEVALUE(LEFT(E125, 10))-DATEVALUE(LEFT(D125, 10))) * 86400 + (TIMEVALUE(MID(E125, 12, 8)) - TIMEVALUE(MID(D125, 12, 8))) * 86400 + (VALUE(RIGHT(E125, 6)) - VALUE(RIGHT(D125, 6))) / 1000000 -> 1.08507 | H125: =((DATEVALUE(LEFT(D125,10))-DATEVALUE(LEFT(D124,10)))*86400+(TIMEVALUE(MID(D125,12,8))-TIMEVALUE(MID(D124,12,8)))*86400+(VALUE(RIGHT(D125,6))-VALUE(RIGHT(D124,6)))/1000000)/ 60 -> 366.23802 | I125: =3600 * (G125-G124) / ((DATEVALUE(LEFT(D125, 10))-DATEVALUE(LEFT(D124, 10))) * 86400 + (TIMEVALUE(MID(D125, 12, 8)) - TIMEVALUE(MID(D124, 12, 8))) * 86400 + (VALUE(RIGHT(D125, 6)) - VALUE(RIGHT(D124, 6))) / 1000000) -> 0.11776751 | J125: =(FLOOR(G125, 1) - FLOOR(G124, 1)) / H125 * 60 -> 0.16382789 | K125: Average with time set | M125: =M124 + H125 -> 1025.8005 | N125: =(MID(F125, 2, 7) + MID(F125, 12, 8)) / 2 -> 0.9149295
D126: 2024-09-23 10:23:53.501120 | E126: 2024-09-23 10:23:56.992417 | F126: [0.501120, 0.516286] | G126: =(DATEVALUE(LEFT(E126, 10))-DATEVALUE(LEFT(D126, 10))) * 86400 + (TIMEVALUE(MID(E126, 12, 8)) - TIMEVALUE(MID(D126, 12, 8))) * 86400 + (VALUE(RIGHT(E126, 6)) - VALUE(RIGHT(D126, 6))) / 1000000 -> 3.491297 | H126: =((DATEVALUE(LEFT(D126,10))-DATEVALUE(LEFT(D125,10)))*86400+(TIMEVALUE(MID(D126,12,8))-TIMEVALUE(MID(D125,12,8)))*86400+(VALUE(RIGHT(D126,6))-VALUE(RIGHT(D125,6)))/1000000)/ 60 -> 946.94322 | I126: =3600 * (G126-G125) / ((DATEVALUE(LEFT(D126, 10))-DATEVALUE(LEFT(D125, 10))) * 86400 + (TIMEVALUE(MID(D126, 12, 8)) - TIMEVALUE(MID(D125, 12, 8))) * 86400 + (VALUE(RIGHT(D126, 6)) - VALUE(RIGHT(D125, 6))) / 1000000) -> 0.1524628 | J126: =(FLOOR(G126, 1) - FLOOR(G125, 1)) / H126 * 60 -> 0.12672354 | K126: =(MAX(G123:G144) / (DATEDIF(VALUE(DATE(2000 + MID(B17, 1, 2), MID(B17, 4, 2), MID(B17, 7, 2))), VALUE(DATEVALUE(MID(D123, 1, 10)) + TIMEVALUE(MID(D123, 12, 8)) + MID(D123, 21, 6) / 86400000), "d") * 1440 + (TIMEVALUE(MID(D123, 12, 8)) - TIMEVALUE(RIGHT(B17, 8))) * 1440 + MID(D123, 21, 6) / 86400000 + MAX(M123:M144))) * 60 -> 0.10723038 | M126: =M125 + H126 -> 1972.7438 | N126: =(MID(F126, 2, 7) + MID(F126, 12, 8)) / 2 -> 0.508703
D127: 2024-09-23 14:05:52.031760 | E127: 2024-09-23 14:05:55.992022 | F127: [0.048052, 0.062710] | G127: =(DATEVALUE(LEFT(E127, 10))-DATEVALUE(LEFT(D127, 10))) * 86400 + (TIMEVALUE(MID(E127, 12, 8)) - TIMEVALUE(MID(D127, 12, 8))) * 86400 + (VALUE(RIGHT(E127, 6)) - VALUE(RIGHT(D127, 6))) / 1000000 -> 3.960262 | H127: =((DATEVALUE(LEFT(D127,10))-DATEVALUE(LEFT(D126,10)))*86400+(TIMEVALUE(MID(D127,12,8))-TIMEVALUE(MID(D126,12,8)))*86400+(VALUE(RIGHT(D127,6))-VALUE(RIGHT(D126,6)))/1000000)/ 60 -> 221.97551 | I127: =3600 * (G127-G126) / ((DATEVALUE(LEFT(D127, 10))-DATEVALUE(LEFT(D126, 10))) * 86400 + (TIMEVALUE(MID(D127, 12, 8)) - TIMEVALUE(MID(D126, 12, 8))) * 86400 + (VALUE(RIGHT(D127, 6)) - VALUE(RIGHT(D126, 6))) / 1000000) -> 0.12676128 | J127: =(FLOOR(G127, 1) - FLOOR(G126, 1)) / H127 * 60 -> 0 | M127: =M126 + H127 -> 2194.7193 | N127: =(MID(F127, 2, 7) + MID(F127, 12, 8)) / 2 -> 0.05538
D128: 2024-09-23 23:54:55.094926 | E128: 2024-09-23 23:54:58.992532 | F128: [0.094926, 0.109861] | G128: =(DATEVALUE(LEFT(E128, 10))-DATEVALUE(LEFT(D128, 10))) * 86400 + (TIMEVALUE(MID(E128, 12, 8)) - TIMEVALUE(MID(D128, 12, 8))) * 86400 + (VALUE(RIGHT(E128, 6)) - VALUE(RIGHT(D128, 6))) / 1000000 -> 3.897606 | H128: =((DATEVALUE(LEFT(D128,10))-DATEVALUE(LEFT(D127,10)))*86400+(TIMEVALUE(MID(D128,12,8))-TIMEVALUE(MID(D127,12,8)))*86400+(VALUE(RIGHT(D128,6))-VALUE(RIGHT(D127,6)))/1000000)/ 60 -> 589.05105 | I128: =3600 * (G128-G127) / ((DATEVALUE(LEFT(D128, 10))-DATEVALUE(LEFT(D127, 10))) * 86400 + (TIMEVALUE(MID(D128, 12, 8)) - TIMEVALUE(MID(D127, 12, 8))) * 86400 + (VALUE(RIGHT(D128, 6)) - VALUE(RIGHT(D127, 6))) / 1000000) -> -0.0063820614 | J128: =(FLOOR(G128, 1) - FLOOR(G127, 1)) / H128 * 60 -> 0 | K128: Standard Deviation | M128: =M127 + H128 -> 2783.7703 | N128: =(MID(F128, 2, 7) + MID(F128, 12, 8)) / 2 -> 0.1023905
D129: 2024-09-24 10:29:35.876506 | E129: 2024-09-24 10:29:40.992619 | F129: [0.876506, 0.891269] | G129: =(DATEVALUE(LEFT(E129, 10))-DATEVALUE(LEFT(D129, 10))) * 86400 + (TIMEVALUE(MID(E129, 12, 8)) - TIMEVALUE(MID(D129, 12, 8))) * 86400 + (VALUE(RIGHT(E129, 6)) - VALUE(RIGHT(D129, 6))) / 1000000 -> 5.116113 | H129: =((DATEVALUE(LEFT(D129,10))-DATEVALUE(LEFT(D128,10)))*86400+(TIMEVALUE(MID(D129,12,8))-TIMEVALUE(MID(D128,12,8)))*86400+(VALUE(RIGHT(D129,6))-VALUE(RIGHT(D128,6)))/1000000)/ 60 -> 634.67969 | I129: =3600 * (G129-G128) / ((DATEVALUE(LEFT(D129, 10))-DATEVALUE(LEFT(D128, 10))) * 86400 + (TIMEVALUE(MID(D129, 12, 8)) - TIMEVALUE(MID(D128, 12, 8))) * 86400 + (VALUE(RIGHT(D129, 6)) - VALUE(RIGHT(D128, 6))) / 1000000) -> 0.11519263 | J129: =(FLOOR(G129, 1) - FLOOR(G128, 1)) / H129 * 60 -> 0.18907175 | K129: =_xlfn.STDEV.P(I124:I144) -> 0.035465914 | M129: =M128 + H129 -> 3418.45 | N129: =(MID(F129, 2, 7) + MID(F129, 12, 8)) / 2 -> 0.8838845
D130: 2024-09-25 01:00:14.095500 | E130: 2024-09-25 01:00:20.992746 | F130: [0.110369, 0.125513] | G130: =(DATEVALUE(LEFT(E130, 10))-DATEVALUE(LEFT(D130, 10))) * 86400 + (TIMEVALUE(MID(E130, 12, 8)) - TIMEVALUE(MID(D130, 12, 8))) * 86400 + (VALUE(RIGHT(E130, 6)) - VALUE(RIGHT(D130, 6))) / 1000000 -> 6.897246 | H130: =((DATEVALUE(LEFT(D130,10))-DATEVALUE(LEFT(D129,10)))*86400+(TIMEVALUE(MID(D130,12,8))-TIMEVALUE(MID(D129,12,8)))*86400+(VALUE(RIGHT(D130,6))-VALUE(RIGHT(D129,6)))/1000000)/ 60 -> 870.63698 | I130: =3600 * (G130-G129) / ((DATEVALUE(LEFT(D130, 10))-DATEVALUE(LEFT(D129, 10))) * 86400 + (TIMEVALUE(MID(D130, 12, 8)) - TIMEVALUE(MID(D129, 12, 8))) * 86400 + (VALUE(RIGHT(D130, 6)) - VALUE(RIGHT(D129, 6))) / 1000000) -> 0.12274689 | J130: =(FLOOR(G130, 1) - FLOOR(G129, 1)) / H130 * 60 -> 0.06891506 | M130: =M129 + H130 -> 4289.087 | N130: =(MID(F130, 2, 7) + MID(F130, 12, 8)) / 2 -> 0.1179365
D131: 2024-09-25 12:11:05.814060 | E131: 2024-09-25 12:11:13.992726 | F131: [0.814060, 0.828608] | G131: =(DATEVALUE(LEFT(E131, 10))-DATEVALUE(LEFT(D131, 10))) * 86400 + (TIMEVALUE(MID(E131, 12, 8)) - TIMEVALUE(MID(D131, 12, 8))) * 86400 + (VALUE(RIGHT(E131, 6)) - VALUE(RIGHT(D131, 6))) / 1000000 -> 8.178666 | H131: =((DATEVALUE(LEFT(D131,10))-DATEVALUE(LEFT(D130,10)))*86400+(TIMEVALUE(MID(D131,12,8))-TIMEVALUE(MID(D130,12,8)))*86400+(VALUE(RIGHT(D131,6))-VALUE(RIGHT(D130,6)))/1000000)/ 60 -> 670.86198 | I131: =3600 * (G131-G130) / ((DATEVALUE(LEFT(D131, 10))-DATEVALUE(LEFT(D130, 10))) * 86400 + (TIMEVALUE(MID(D131, 12, 8)) - TIMEVALUE(MID(D130, 12, 8))) * 86400 + (VALUE(RIGHT(D131, 6)) - VALUE(RIGHT(D130, 6))) / 1000000) -> 0.11460658 | J131: =(FLOOR(G131, 1) - FLOOR(G130, 1)) / H131 * 60 -> 0.17887435 | M131: =M130 + H131 -> 4959.949 | N131: =(MID(F131, 2, 7) + MID(F131, 12, 8)) / 2 -> 0.821334
D132: 2024-09-25 23:41:00.438270 | E132: 2024-09-25 23:41:09.992433 | F132: [0.438270, 0.453404] | G132: =(DATEVALUE(LEFT(E132, 10))-DATEVALUE(LEFT(D132, 10))) * 86400 + (TIMEVALUE(MID(E132, 12, 8)) - TIMEVALUE(MID(D132, 12, 8))) * 86400 + (VALUE(RIGHT(E132, 6)) - VALUE(RIGHT(D132, 6))) / 1000000 -> 9.554163 | H132: =((DATEVALUE(LEFT(D132,10))-DATEVALUE(LEFT(D131,10)))*86400+(TIMEVALUE(MID(D132,12,8))-TIMEVALUE(MID(D131,12,8)))*86400+(VALUE(RIGHT(D132,6))-VALUE(RIGHT(D131,6)))/1000000)/ 60 -> 689.9104 | I132: =3600 * (G132-G131) / ((DATEVALUE(LEFT(D132, 10))-DATEVALUE(LEFT(D131, 10))) * 86400 + (TIMEVALUE(MID(D132, 12, 8)) - TIMEVALUE(MID(D131, 12, 8))) * 86400 + (VALUE(RIGHT(D132, 6)) - VALUE(RIGHT(D131, 6))) / 1000000) -> 0.11962397 | J132: =(FLOOR(G132, 1) - FLOOR(G131, 1)) / H132 * 60 -> 0.086967815 | M132: =M131 + H132 -> 5649.8594 | N132: =(MID(F132, 2, 7) + MID(F132, 12, 8)) / 2 -> 0.445837
D133: 2024-09-26 18:21:37.251143 | E133: 2024-09-26 18:21:48.992458 | F133: [0.251143, 0.266228] | G133: =(DATEVALUE(LEFT(E133, 10))-DATEVALUE(LEFT(D133, 10))) * 86400 + (TIMEVALUE(MID(E133, 12, 8)) - TIMEVALUE(MID(D133, 12, 8))) * 86400 + (VALUE(RIGHT(E133, 6)) - VALUE(RIGHT(D133, 6))) / 1000000 -> 11.741315 | H133: =((DATEVALUE(LEFT(D133,10))-DATEVALUE(LEFT(D132,10)))*86400+(TIMEVALUE(MID(D133,12,8))-TIMEVALUE(MID(D132,12,8)))*86400+(VALUE(RIGHT(D133,6))-VALUE(RIGHT(D132,6)))/1000000)/ 60 -> 1120.6135 | I133: =3600 * (G133-G132) / ((DATEVALUE(LEFT(D133, 10))-DATEVALUE(LEFT(D132, 10))) * 86400 + (TIMEVALUE(MID(D133, 12, 8)) - TIMEVALUE(MID(D132, 12, 8))) * 86400 + (VALUE(RIGHT(D133, 6)) - VALUE(RIGHT(D132, 6))) / 1000000) -> 0.11710471 | J133: =(FLOOR(G133, 1) - FLOOR(G132, 1)) / H133 * 60 -> 0.1070842 | M133: =M132 + H133 -> 6770.4729 | N133: =(MID(F133, 2, 7) + MID(F133, 12, 8)) / 2 -> 0.258684
D134: 2024-09-27 02:06:53.282019 | E134: 2024-09-27 02:07:05.992332 | F134: [0.297948, 0.312642] | G134: =(DATEVALUE(LEFT(E134, 10))-DATEVALUE(LEFT(D134, 10))) * 86400 + (TIMEVALUE(MID(E134, 12, 8)) - TIMEVALUE(MID(D134, 12, 8))) * 86400 + (VALUE(RIGHT(E134, 6)) - VALUE(RIGHT(D134, 6))) / 1000000 -> 12.710313 | H134: =((DATEVALUE(LEFT(D134,10))-DATEVALUE(LEFT(D133,10)))*86400+(TIMEVALUE(MID(D134,12,8))-TIMEVALUE(MID(D133,12,8)))*86400+(VALUE(RIGHT(D134,6))-VALUE(RIGHT(D133,6)))/1000000)/ 60 -> 465.26718 | I134: =3600 * (G134-G133) / ((DATEVALUE(LEFT(D134, 10))-DATEVALUE(LEFT(D133, 10))) * 86400 + (TIMEVALUE(MID(D134, 12, 8)) - TIMEVALUE(MID(D133, 12, 8))) * 86400 + (VALUE(RIGHT(D134, 6)) - VALUE(RIGHT(D133, 6))) / 1000000) -> 0.1249602 | J134: =(FLOOR(G134, 1) - FLOOR(G133, 1)) / H134 * 60 -> 0.12895816 | M134: =M133 + H134 -> 7235.7401 | N134: =(MID(F134, 2, 7) + MID(F134, 12, 8)) / 2 -> 0.305291
...

Sheet Test1
A1: Device Label | B1: Device № | D1: =("№"&B3&" - "&A3) -> №2 - Blue tape | AO1: {=Test1!N3:N300} -> 0.8208325
A2: Nothing | B2: 1 | D2: Actual time | E2: Device time | F2: Interval | G2: Time drift (s) | H2: Time elapsed minutes | I2: Time drift per hour (with ms) | J2: Time drift per hour | K2: Average error (with ms) | L2: Average error (s/hr) | M2: Time from start (minutes) | N2: Interval | X2: Device name | Y2: Time drift (s/hr) | Z2: Correction Value | AA2: Predicted drift | AB2: New Time Drift | AC2: Time drift reduced by % | AD2: Actual correction value: | AE2: Average correction value: | AO2: 0.649976
A3: Blue tape | B3: 2 | D3: 2024-09-28 01:34:57.812938 | E3: 2024-09-28 01:34:56.992102 | F3: [0.812938, 0.828735] | G3: =(DATEVALUE(LEFT(E3, 10))-DATEVALUE(LEFT(D3, 10))) * 86400 + (TIMEVALUE(MID(E3, 12, 8)) - TIMEVALUE(MID(D3, 12, 8))) * 86400 + (VALUE(RIGHT(E3, 6)) - VALUE(RIGHT(D3, 6))) / 1000000 -> -0.820836 | K3: {=((LOOKUP(2,1/(G3:G24<>""),G3:G24) - G3)/SUM(H4:H35)) * 60} -> -0.037513905 | L3: =((FLOOR(MAX(G3:G35), 1)-FLOOR(MIN(G3:G35), 1))/SUM(H4:H35)) * 60 -> 0.060272762 | M3: 0 | N3: =(MID(F3, 2, 7) + MID(F3, 12, 8)) / 2 -> 0.8208325 | X3: №1 - Nothing | Y3: =Uncalibrated!K171 -> 0.83394774 | Z3: =267 * 0.9537 * 3600 / 1000000 -> 0.91669644 | AA3: =Y3-Z3 -> -0.082748702 | AB3: =K241 -> -0.067505192 | AC3: =(1 - ABS(AB3)/ABS(Y3)) * 100 -> 91.905345 | AD3: =Y3 - AB3 -> 0.90145293 | AE3: =AVERAGE(AD3:AD10) -> 0.90367876 | AO3: 0.1182735
A4: ACCZERO PBRC | B4: 3 | D4: 2024-09-28 15:08:30.626022 | E4: 2024-09-28 15:08:28.992363 | F4: [0.643450, 0.656502] | G4: =(DATEVALUE(LEFT(E4, 10))-DATEVALUE(LEFT(D4, 10))) * 86400 + (TIMEVALUE(MID(E4, 12, 8)) - TIMEVALUE(MID(D4, 12, 8))) * 86400 + (VALUE(RIGHT(E4, 6)) - VALUE(RIGHT(D4, 6))) / 1000000 -> -1.633659 | H4: =((DATEVALUE(LEFT(D4,10))-DATEVALUE(LEFT(D3,10)))*86400+(TIMEVALUE(MID(D4,12,8))-TIMEVALUE(MID(D3,12,8)))*86400+(VALUE(RIGHT(D4,6))-VALUE(RIGHT(D3,6)))/1000000)/ 60 -> 813.54688 | I4: =(G4 - G3) / H4 * 60 -> -0.059946613 | J4: =(FLOOR(G4, 1) - FLOOR(G3, 1)) / H4 * 60 -> -0.073751127 | M4: =M3 + H4 -> 813.54688 | N4: =(MID(F4, 2, 7) + MID(F4, 12, 8)) / 2 -> 0.649976 | X4: №2 - Blue tape | Y4: =Uncalibrated!K3 -> 0.84065639 | Z4: =267 * 0.9537 * 3600 / 1000000 -> 0.91669644 | AA4: =Y4-Z4 -> -0.076040051 | AB4: =K3 -> -0.037513905 | AC4: =(1 - ABS(AB4)/ABS(Y4)) * 100 -> 95.537546 | AD4: =Y4 - AB4 -> 0.87817029 | AO4: 0.2742945
A5: IMGCOF | B5: 4 | D5: 2024-09-28 23:56:29.094320 | E5: 2024-09-28 23:56:26.992276 | F5: [0.110596, 0.125957] | G5: =(DATEVALUE(LEFT(E5, 10))-DATEVALUE(LEFT(D5, 10))) * 86400 + (TIMEVALUE(MID(E5, 12, 8)) - TIMEVALUE(MID(D5, 12, 8))) * 86400 + (VALUE(RIGHT(E5, 6)) - VALUE(RIGHT(D5, 6))) / 1000000 -> -2.102044 | H5: =((DATEVALUE(LEFT(D5,10))-DATEVALUE(LEFT(D4,10)))*86400+(TIMEVALUE(MID(D5,12,8))-TIMEVALUE(MID(D4,12,8)))*86400+(VALUE(RIGHT(D5,6))-VALUE(RIGHT(D4,6)))/1000000)/ 60 -> 527.97447 | I5: =(G5 - G4) / H5 * 60 -> -0.053228142 | J5: =(FLOOR(G5, 1) - FLOOR(G4, 1)) / H5 * 60 -> -0.11364186 | K5: Average with time set | M5: =M4 + H5 -> 1341.5214 | N5: =(MID(F5, 2, 7) + MID(F5, 12, 8)) / 2 -> 0.1182735 | X5: №3 - ACCZERO PBRC | Y5: =Uncalibrated!K27 -> 0.86424537 | Z5: =267 * 0.9537 * 3600 / 1000000 -> 0.91669644 | AA5: =Y5-Z5 -> -0.052451068 | AB5: =K37 -> -0.026391254 | AC5: =(1 - ABS(AB5)/ABS(Y5)) * 100 -> 96.946324 | AD5: =Y5 - AB5 -> 0.89063663 | AE5: Correction value error: | AO5: 0.586242
A6: ERR15 | B6: 5 | D6: 2024-09-29 22:23:05.251419 | E6: 2024-09-29 22:23:02.992795 | F6: [0.266787, 0.281809] | G6: =(DATEVALUE(LEFT(E6, 10))-DATEVALUE(LEFT(D6, 10))) * 86400 + (TIMEVALUE(MID(E6, 12, 8)) - TIMEVALUE(MID(D6, 12, 8))) * 86400 + (VALUE(RIGHT(E6, 6)) - VALUE(RIGHT(D6, 6))) / 1000000 -> -2.258624 | H6: =((DATEVALUE(LEFT(D6,10))-DATEVALUE(LEFT(D5,10)))*86400+(TIMEVALUE(MID(D6,12,8))-TIMEVALUE(MID(D5,12,8)))*86400+(VALUE(RIGHT(D6,6))-VALUE(RIGHT(D5,6)))/1000000)/ 60 -> 1346.6026 | I6: =(G6 - G5) / H6 * 60 -> -0.0069766684 | J6: =(FLOOR(G6, 1) - FLOOR(G5, 1)) / H6 * 60 -> 0 | K6: =(MAX(G3:G24)/(DATEDIF(VALUE(DATE(2000 + MID(B12, 1, 2), MID(B12, 4, 2), MID(B12, 7, 2))),VALUE(MID(D3, 1, 10)),"d")*(60*24)+(TIMEVALUE(MID(D3,12,8))-TIMEVALUE(RIGHT(B12,8))*24*60+MID(D3,21,6)/86400000+MAX(M3:M35)))) * 60 -> -0.0020694868 | M6: =M5 + H6 -> 2688.124 | N6: =(MID(F6, 2, 7) + MID(F6, 12, 8)) / 2 -> 0.2742945 | X6: №4 - IMGCOF | Y6: =Uncalibrated!K51 -> 0.86373195 | Z6: =267 * 0.9537 * 3600 / 1000000 -> 0.91669644 | AA6: =Y6-Z6 -> -0.05296449 | AB6: =K71 -> -0.042784195 | AC6: =(1 - ABS(AB6)/ABS(Y6)) * 100 -> 95.046589 | AD6: =Y6 - AB6 -> 0.90651614 | AE6: =(Z3 / AE3) * 100 -> 101.44052 | AO6: 0.883971
A7: IMG COR LSU | B7: 6 | D7: 2024-09-30 19:34:57.562914 | E7: 2024-09-30 19:34:52.992200 | F7: [0.578277, 0.594214] | G7: =(DATEVALUE(LEFT(E7, 10))-DATEVALUE(LEFT(D7, 10))) * 86400 + (TIMEVALUE(MID(E7, 12, 8)) - TIMEVALUE(MID(D7, 12, 8))) * 86400 + (VALUE(RIGHT(E7, 6)) - VALUE(RIGHT(D7, 6))) / 1000000 -> -4.570714 | H7: =((DATEVALUE(LEFT(D7,10))-DATEVALUE(LEFT(D6,10)))*86400+(TIMEVALUE(MID(D7,12,8))-TIMEVALUE(MID(D6,12,8)))*86400+(VALUE(RIGHT(D7,6))-VALUE(RIGHT(D6,6)))/1000000)/ 60 -> 1271.8719 | I7: =(G7 - G6) / H7 * 60 -> -0.10907184 | J7: =(FLOOR(G7, 1) - FLOOR(G6, 1)) / H7 * 60 -> -0.094349127 | M7: =M6 + H7 -> 3959.9958 | N7: =(MID(F7, 2, 7) + MID(F7, 12, 8)) / 2 -> 0.586242 | X7: №5 - ERR15 | Y7: =Uncalibrated!K75 -> 0.90240489 | Z7: =267 * 0.9537 * 3600 / 1000000 -> 0.91669644 | AA7: =Y7-Z7 -> -0.014291547 | AB7: =K105 -> -0.0023552926 | AC7: =(1 - ABS(AB7)/ABS(Y7)) * 100 -> 99.738998 | AD7: =Y7 - AB7 -> 0.90476019 | AO7: 0.24302
A8: IVAN ERR15 | B8: 7 | D8: 2024-10-01 01:03:36.875547 | E8: 2024-10-01 01:03:31.991572 | F8: [0.875547, 0.892402] | G8: =(DATEVALUE(LEFT(E8, 10))-DATEVALUE(LEFT(D8, 10))) * 86400 + (TIMEVALUE(MID(E8, 12, 8)) - TIMEVALUE(MID(D8, 12, 8))) * 86400 + (VALUE(RIGHT(E8, 6)) - VALUE(RIGHT(D8, 6))) / 1000000 -> -4.883975 | H8: =((DATEVALUE(LEFT(D8,10))-DATEVALUE(LEFT(D7,10)))*86400+(TIMEVALUE(MID(D8,12,8))-TIMEVALUE(MID(D7,12,8)))*86400+(VALUE(RIGHT(D8,6))-VALUE(RIGHT(D7,6)))/1000000)/ 60 -> 328.65521 | I8: =(G8 - G7) / H8 * 60 -> -0.0571896 | J8: =(FLOOR(G8, 1) - FLOOR(G7, 1)) / H8 * 60 -> 0 | K8: Standard Deviation | M8: =M7 + H8 -> 4288.651 | N8: =(MID(F8, 2, 7) + MID(F8, 12, 8)) / 2 -> 0.883971 | X8: №6 - IMG COR LSU | Y8: =Uncalibrated!K99 -> 0.98479347 | Z8: =267 * 0.9537 * 3600 / 1000000 -> 0.91669644 | AA8: =Y8-Z8 -> 0.068097029 | AB8: =K139 -> 0.049288935 | AC8: =(1 - ABS(AB8)/ABS(Y8)) * 100 -> 94.994998 | AD8: =Y8 - AB8 -> 0.93550453 | AO8: 0.446263
A9: AIM TRAINING DEVICE | B9: 8 | D9: 2024-10-01 09:37:29.220768 | E9: 2024-10-01 09:37:24.993042 | F9: [0.235108, 0.250940] | G9: =(DATEVALUE(LEFT(E9, 10))-DATEVALUE(LEFT(D9, 10))) * 86400 + (TIMEVALUE(MID(E9, 12, 8)) - TIMEVALUE(MID(D9, 12, 8))) * 86400 + (VALUE(RIGHT(E9, 6)) - VALUE(RIGHT(D9, 6))) / 1000000 -> -4.227726 | H9: =((DATEVALUE(LEFT(D9,10))-DATEVALUE(LEFT(D8,10)))*86400+(TIMEVALUE(MID(D9,12,8))-TIMEVALUE(MID(D8,12,8)))*86400+(VALUE(RIGHT(D9,6))-VALUE(RIGHT(D8,6)))/1000000)/ 60 -> 513.87242 | I9: =(G9 - G8) / H9 * 60 -> 0.07662396 | J9: =(FLOOR(G9, 1) - FLOOR(G8, 1)) / H9 * 60 -> 0 | K9: =_xlfn.STDEV.P(I4:I24) -> 0.048964492 | M9: =M8 + H9 -> 4802.5235 | N9: =(MID(F9, 2, 7) + MID(F9, 12, 8)) / 2 -> 0.24302 | X9: №7 - IVAN ERR15 | Y9: =Uncalibrated!K123 -> 1.0233367 | Z9: =267 * 0.9537 * 3600 / 1000000 -> 0.91669644 | AA9: =Y9-Z9 -> 0.10664021 | AB9: =K173 -> 0.11728172 | AC9: =(1 - ABS(AB9)/ABS(Y9)) * 100 -> 88.539283 | AD9: =Y9 - AB9 -> 0.90605493 | AO9: 0.0240225
A10: Device name | B10: Last time set time | D10: 2024-10-01 13:25:41.438850 | E10: 2024-10-01 13:25:36.992587 | F10: [0.438850, 0.453676] | G10: =(DATEVALUE(LEFT(E10, 10))-DATEVALUE(LEFT(D10, 10))) * 86400 + (TIMEVALUE(MID(E10, 12, 8)) - TIMEVALUE(MID(D10, 12, 8))) * 86400 + (VALUE(RIGHT(E10, 6)) - VALUE(RIGHT(D10, 6))) / 1000000 -> -4.446263 | H10: =((DATEVALUE(LEFT(D10,10))-DATEVALUE(LEFT(D9,10)))*86400+(TIMEVALUE(MID(D10,12,8))-TIMEVALUE(MID(D9,12,8)))*86400+(VALUE(RIGHT(D10,6))-VALUE(RIGHT(D9,6)))/1000000)/ 60 -> 228.20363 | I10: =(G10 - G9) / H10 * 60 -> -0.057458419 | J10: =(FLOOR(G10, 1) - FLOOR(G9, 1)) / H10 * 60 -> 0 | M10: =M9 + H10 -> 5030.7271 | N10: =(MID(F10, 2, 7) + MID(F10, 12, 8)) / 2 -> 0.446263 | X10: №8 - AIM TRAINING DEVICE | Y10: =Uncalibrated!K147 -> 0.93265426 | Z10: =267 * 0.9537 * 3600 / 1000000 -> 0.91669644 | AA10: =Y10-Z10 -> 0.015957823 | AB10: =K207 -> 0.02631984 | AC10: =(1 - ABS(AB10)/ABS(Y10)) * 100 -> 97.177964 | AD10: =Y10 - AB10 -> 0.90633442 | AO10: 0.5395705
A11: =("№"&B2&" - "&A2) -> №1 - Nothing | B11: 24-09-28 01:57:34 | D11: 2024-10-02 01:01:34.000869 | E11: 2024-10-02 01:01:26.992431 | F11: [0.016357, 0.031695] | G11: =(DATEVALUE(LEFT(E11, 10))-DATEVALUE(LEFT(D11, 10))) * 86400 + (TIMEVALUE(MID(E11, 12, 8)) - TIMEVALUE(MID(D11, 12, 8))) * 86400 + (VALUE(RIGHT(E11, 6)) - VALUE(RIGHT(D11, 6))) / 1000000 -> -7.008438 | H11: =((DATEVALUE(LEFT(D11,10))-DATEVALUE(LEFT(D10,10)))*86400+(TIMEVALUE(MID(D11,12,8))-TIMEVALUE(MID(D10,12,8)))*86400+(VALUE(RIGHT(D11,6))-VALUE(RIGHT(D10,6)))/1000000)/ 60 -> 695.87603 | I11: =(G11 - G10) / H11 * 60 -> -0.2209165 | J11: =(FLOOR(G11, 1) - FLOOR(G10, 1)) / H11 * 60 -> -0.25866676 | M11: =M10 + H11 -> 5726.6031 | N11: =(MID(F11, 2, 7) + MID(F11, 12, 8)) / 2 -> 0.0240225 | AO11: 0.773675
A12: =("№"&B3&" - "&A3) -> №2 - Blue tape | B12: 24-09-28 01:33:13 | D12: 2024-10-02 09:46:30.531529 | E12: 2024-10-02 09:46:22.991954 | F12: [0.531529, 0.547621] | G12: =(DATEVALUE(LEFT(E12, 10))-DATEVALUE(LEFT(D12, 10))) * 86400 + (TIMEVALUE(MID(E12, 12, 8)) - TIMEVALUE(MID(D12, 12, 8))) * 86400 + (VALUE(RIGHT(E12, 6)) - VALUE(RIGHT(D12, 6))) / 1000000 -> -7.539575 | H12: =((DATEVALUE(LEFT(D12,10))-DATEVALUE(LEFT(D11,10)))*86400+(TIMEVALUE(MID(D12,12,8))-TIMEVALUE(MID(D11,12,8)))*86400+(VALUE(RIGHT(D12,6))-VALUE(RIGHT(D11,6)))/1000000)/ 60 -> 524.94218 | I12: =(G12 - G11) / H12 * 60 -> -0.060708058 | J12: =(FLOOR(G12, 1) - FLOOR(G11, 1)) / H12 * 60 -> 0 | M12: =M11 + H12 -> 6251.5453 | N12: =(MID(F12, 2, 7) + MID(F12, 12, 8)) / 2 -> 0.5395705 | AO12: 0.2905235
A13: =("№"&B4&" - "&A4) -> №3 - ACCZERO PBRC | B13: 24-09-28 01:38:33 | D13: 2024-10-02 15:21:54.750046 | E13: 2024-10-02 15:21:46.991860 | F13: [0.765870, 0.781480] | G13: =(DATEVALUE(LEFT(E13, 10))-DATEVALUE(LEFT(D13, 10))) * 86400 + (TIMEVALUE(MID(E13, 12, 8)) - TIMEVALUE(MID(D13, 12, 8))) * 86400 + (VALUE(RIGHT(E13, 6)) - VALUE(RIGHT(D13, 6))) / 1000000 -> -7.758186 | H13: =((DATEVALUE(LEFT(D13,10))-DATEVALUE(LEFT(D12,10)))*86400+(TIMEVALUE(MID(D13,12,8))-TIMEVALUE(MID(D12,12,8)))*86400+(VALUE(RIGHT(D13,6))-VALUE(RIGHT(D12,6)))/1000000)/ 60 -> 335.40364 | I13: =(G13 - G12) / H13 * 60 -> -0.039107089 | J13: =(FLOOR(G13, 1) - FLOOR(G12, 1)) / H13 * 60 -> 0 | M13: =M12 + H13 -> 6586.949 | N13: =(MID(F13, 2, 7) + MID(F13, 12, 8)) / 2 -> 0.773675 | AO13: 0.961552
A14: =("№"&B5&" - "&A5) -> №4 - IMGCOF | B14: 24-09-28 01:45:09 | D14: 2024-10-03 01:17:05.282726 | E14: 2024-10-03 01:16:56.992200 | F14: [0.282726, 0.298327] | G14: =(DATEVALUE(LEFT(E14, 10))-DATEVALUE(LEFT(D14, 10))) * 86400 + (TIMEVALUE(MID(E14, 12, 8)) - TIMEVALUE(MID(D14, 12, 8))) * 86400 + (VALUE(RIGHT(E14, 6)) - VALUE(RIGHT(D14, 6))) / 1000000 -> -8.290526 | H14: =((DATEVALUE(LEFT(D14,10))-DATEVALUE(LEFT(D13,10)))*86400+(TIMEVALUE(MID(D14,12,8))-TIMEVALUE(MID(D13,12,8)))*86400+(VALUE(RIGHT(D14,6))-VALUE(RIGHT(D13,6)))/1000000)/ 60 -> 595.17554 | I14: =(G14 - G13) / H14 * 60 -> -0.053665511 | J14: =(FLOOR(G14, 1) - FLOOR(G13, 1)) / H14 * 60 -> -0.10081059 | M14: =M13 + H14 -> 7182.1245 | N14: =(MID(F14, 2, 7) + MID(F14, 12, 8)) / 2 -> 0.2905235 | AO14: 0.712174
A15: =("№"&B6&" - "&A6) -> №5 - ERR15 | B15: 24-09-28 01:50:51 | D15: 2024-10-03 12:07:48.938038 | E15: 2024-10-03 12:07:39.991992 | F15: [0.953853, 0.969254] | G15: =(DATEVALUE(LEFT(E15, 10))-DATEVALUE(LEFT(D15, 10))) * 86400 + (TIMEVALUE(MID(E15, 12, 8)) - TIMEVALUE(MID(D15, 12, 8))) * 86400 + (VALUE(RIGHT(E15, 6)) - VALUE(RIGHT(D15, 6))) / 1000000 -> -8.946046 | H15: =((DATEVALUE(LEFT(D15,10))-DATEVALUE(LEFT(D14,10)))*86400+(TIMEVALUE(MID(D15,12,8))-TIMEVALUE(MID(D14,12,8)))*86400+(VALUE(RIGHT(D15,6))-VALUE(RIGHT(D14,6)))/1000000)/ 60 -> 650.72759 | I15: =(G15 - G14) / H15 * 60 -> -0.060441882 | J15: =(FLOOR(G15, 1) - FLOOR(G14, 1)) / H15 * 60 -> 0 | M15: =M14 + H15 -> 7832.8521 | N15: =(MID(F15, 2, 7) + MID(F15, 12, 8)) / 2 -> 0.961552 | AO15: 0.336485
A16: =("№"&B7&" - "&A7) -> №6 - IMG COR LSU | B16: 24-09-28 02:07:48 | D16: 2024-10-04 01:29:39.688598 | E16: 2024-10-04 01:29:29.992626 | F16: [0.704816, 0.719538] | G16: =(DATEVALUE(LEFT(E16, 10))-DATEVALUE(LEFT(D16, 10))) * 86400 + (TIMEVALUE(MID(E16, 12, 8)) - TIMEVALUE(MID(D16, 12, 8))) * 86400 + (VALUE(RIGHT(E16, 6)) - VALUE(RIGHT(D16, 6))) / 1000000 -> -9.695972 | H16: =((DATEVALUE(LEFT(D16,10))-DATEVALUE(LEFT(D15,10)))*86400+(TIMEVALUE(MID(D16,12,8))-TIMEVALUE(MID(D15,12,8)))*86400+(VALUE(RIGHT(D16,6))-VALUE(RIGHT(D15,6)))/1000000)/ 60 -> 801.84584 | I16: =(G16 - G15) / H16 * 60 -> -0.056114976 | J16: =(FLOOR(G16, 1) - FLOOR(G15, 1)) / H16 * 60 -> -0.074827351 | M16: =M15 + H16 -> 8634.6979 | N16: =(MID(F16, 2, 7) + MID(F16, 12, 8)) / 2 -> 0.712174 | AO16: 0.4931695
A17: =("№"&B8&" - "&A8) -> №7 - IVAN ERR15 | B17: 24-09-28 02:13:24 | D17: 2024-10-04 11:45:58.313534 | E17: 2024-10-04 11:45:47.992402 | F17: [0.328688, 0.344290] | G17: =(DATEVALUE(LEFT(E17, 10))-DATEVALUE(LEFT(D17, 10))) * 86400 + (TIMEVALUE(MID(E17, 12, 8)) - TIMEVALUE(MID(D17, 12, 8))) * 86400 + (VALUE(RIGHT(E17, 6)) - VALUE(RIGHT(D17, 6))) / 1000000 -> -10.321132 | H17: =((DATEVALUE(LEFT(D17,10))-DATEVALUE(LEFT(D16,10)))*86400+(TIMEVALUE(MID(D17,12,8))-TIMEVALUE(MID(D16,12,8)))*86400+(VALUE(RIGHT(D17,6))-VALUE(RIGHT(D16,6)))/1000000)/ 60 -> 616.31042 | I17: =(G17 - G16) / H17 * 60 -> -0.060861538 | J17: =(FLOOR(G17, 1) - FLOOR(G16, 1)) / H17 * 60 -> -0.097353539 | M17: =M16 + H17 -> 9251.0083 | N17: =(MID(F17, 2, 7) + MID(F17, 12, 8)) / 2 -> 0.336485 | AO17: 0.1964015
A18: =("№"&B9&" - "&A9) -> №8 - AIM TRAINING DEVICE | B18: 24-09-28 02:18:21 | D18: 2024-10-04 14:31:54.469747 | E18: 2024-10-04 14:31:43.992310 | F18: [0.485728, 0.500619] | G18: =(DATEVALUE(LEFT(E18, 10))-DATEVALUE(LEFT(D18, 10))) * 86400 + (TIMEVALUE(MID(E18, 12, 8)) - TIMEVALUE(MID(D18, 12, 8))) * 86400 + (VALUE(RIGHT(E18, 6)) - VALUE(RIGHT(D18, 6))) / 1000000 -> -10.477437 | H18: =((DATEVALUE(LEFT(D18,10))-DATEVALUE(LEFT(D17,10)))*86400+(TIMEVALUE(MID(D18,12,8))-TIMEVALUE(MID(D17,12,8)))*86400+(VALUE(RIGHT(D18,6))-VALUE(RIGHT(D17,6)))/1000000)/ 60 -> 165.93594 | I18: =(G18 - G17) / H18 * 60 -> -0.056517595 | J18: =(FLOOR(G18, 1) - FLOOR(G17, 1)) / H18 * 60 -> 0 | M18: =M17 + H18 -> 9416.9443 | N18: =(MID(F18, 2, 7) + MID(F18, 12, 8)) / 2 -> 0.4931695 | AO18: 0.133371
D19: 2024-10-05 22:01:12.189537 | E19: 2024-10-05 22:00:59.993132 | F19: [0.189537, 0.203273] | G19: =(DATEVALUE(LEFT(E19, 10))-DATEVALUE(LEFT(D19, 10))) * 86400 + (TIMEVALUE(MID(E19, 12, 8)) - TIMEVALUE(MID(D19, 12, 8))) * 86400 + (VALUE(RIGHT(E19, 6)) - VALUE(RIGHT(D19, 6))) / 1000000 -> -12.196405 | H19: =((DATEVALUE(LEFT(D19,10))-DATEVALUE(LEFT(D18,10)))*86400+(TIMEVALUE(MID(D19,12,8))-TIMEVALUE(MID(D18,12,8)))*86400+(VALUE(RIGHT(D19,6))-VALUE(RIGHT(D18,6)))/1000000)/ 60 -> 1889.2953 | I19: =(G19 - G18) / H19 * 60 -> -0.054590766 | J19: =(FLOOR(G19, 1) - FLOOR(G18, 1)) / H19 * 60 -> -0.063515745 | M19: =M18 + H19 -> 11306.24 | N19: =(MID(F19, 2, 7) + MID(F19, 12, 8)) / 2 -> 0.1964015 | AO19: 0.3682775
A20: Average time drift overall: | D20: 2024-10-06 13:39:46.125663 | E20: 2024-10-06 13:39:32.992290 | F20: [0.125663, 0.141082] | G20: =(DATEVALUE(LEFT(E20, 10))-DATEVALUE(LEFT(D20, 10))) * 86400 + (TIMEVALUE(MID(E20, 12, 8)) - TIMEVALUE(MID(D20, 12, 8))) * 86400 + (VALUE(RIGHT(E20, 6)) - VALUE(RIGHT(D20, 6))) / 1000000 -> -13.133373 | H20: =((DATEVALUE(LEFT(D20,10))-DATEVALUE(LEFT(D19,10)))*86400+(TIMEVALUE(MID(D20,12,8))-TIMEVALUE(MID(D19,12,8)))*86400+(VALUE(RIGHT(D20,6))-VALUE(RIGHT(D19,6)))/1000000)/ 60 -> 938.5656 | I20: =(G20 - G19) / H20 * 60 -> -0.05989787 | J20: =(FLOOR(G20, 1) - FLOOR(G19, 1)) / H20 * 60 -> -0.063927337 | M20: =M19 + H20 -> 12244.805 | N20: =(MID(F20, 2, 7) + MID(F20, 12, 8)) / 2 -> 0.133371 | P20: Interval average: | R20: Overall average: | AO20: 0.7271165
A21: =AVERAGE(K3, K37, K71, K105, K139, K173, K207, K251) -> 0.011977978 | D21: 2024-10-06 17:27:02.344526 | E21: 2024-10-06 17:26:48.992120 | F21: [0.360723, 0.375835] | G21: =(DATEVALUE(LEFT(E21, 10))-DATEVALUE(LEFT(D21, 10))) * 86400 + (TIMEVALUE(MID(E21, 12, 8)) - TIMEVALUE(MID(D21, 12, 8))) * 86400 + (VALUE(RIGHT(E21, 6)) - VALUE(RIGHT(D21, 6))) / 1000000 -> -13.352406 | H21: =((DATEVALUE(LEFT(D21,10))-DATEVALUE(LEFT(D20,10)))*86400+(TIMEVALUE(MID(D21,12,8))-TIMEVALUE(MID(D20,12,8)))*86400+(VALUE(RIGHT(D21,6))-VALUE(RIGHT(D20,6)))/1000000)/ 60 -> 227.27031 | I21: =(G21 - G20) / H21 * 60 -> -0.057825326 | J21: =(FLOOR(G21, 1) - FLOOR(G20, 1)) / H21 * 60 -> 0 | M21: =M20 + H21 -> 12472.076 | N21: =(MID(F21, 2, 7) + MID(F21, 12, 8)) / 2 -> 0.3682775 | P21: =AVERAGE(N3:N300) -> 0.44943025 | R21: =AVERAGE(AVERAGE(N3:N300), AVERAGE(Calibrated!N3:N300), AVERAGE(Uncalibrated!N3:N300)) -> 0.47826298 | AO21: 0.3684215
D22: 2024-10-07 00:16:00.719571 | E22: 2024-10-07 00:15:46.992454 | F22: [0.719571, 0.734663] | G22: =(DATEVALUE(LEFT(E22, 10))-DATEVALUE(LEFT(D22, 10))) * 86400 + (TIMEVALUE(MID(E22, 12, 8)) - TIMEVALUE(MID(D22, 12, 8))) * 86400 + (VALUE(RIGHT(E22, 6)) - VALUE(RIGHT(D22, 6))) / 1000000 -> -13.727117 | H22: =((DATEVALUE(LEFT(D22,10))-DATEVALUE(LEFT(D21,10)))*86400+(TIMEVALUE(MID(D22,12,8))-TIMEVALUE(MID(D21,12,8)))*86400+(VALUE(RIGHT(D22,6))-VALUE(RIGHT(D21,6)))/1000000)/ 60 -> 408.97292 | I22: =(G22 - G21) / H22 * 60 -> -0.054973469 | J22: =(FLOOR(G22, 1) - FLOOR(G21, 1)) / H22 * 60 -> 0 | M22: =M21 + H22 -> 12881.048 | N22: =(MID(F22, 2, 7) + MID(F22, 12, 8)) / 2 -> 0.7271165 | AO22: 0.774297
A23: Average ppm: | D23: 2024-10-07 11:46:43.345234 | E23: 2024-10-07 11:46:28.992630 | F23: [0.360500, 0.376343] | G23: =(DATEVALUE(LEFT(E23, 10))-DATEVALUE(LEFT(D23, 10))) * 86400 + (TIMEVALUE(MID(E23, 12, 8)) - TIMEVALUE(MID(D23, 12, 8))) * 86400 + (VALUE(RIGHT(E23, 6)) - VALUE(RIGHT(D23, 6))) / 1000000 -> -14.352604 | H23: =((DATEVALUE(LEFT(D23,10))-DATEVALUE(LEFT(D22,10)))*86400+(TIMEVALUE(MID(D23,12,8))-TIMEVALUE(MID(D22,12,8)))*86400+(VALUE(RIGHT(D23,6))-VALUE(RIGHT(D22,6)))/1000000)/ 60 -> 690.71043 | I23: =(G23 - G22) / H23 * 60 -> -0.054334231 | J23: =(FLOOR(G23, 1) - FLOOR(G22, 1)) / H23 * 60 -> -0.086867083 | M23: =M22 + H23 -> 13571.759 | N23: =(MID(F23, 2, 7) + MID(F23, 12, 8)) / 2 -> 0.3684215 | AO23: 0.133625
A24: =A21 / 3600 * 1000000 -> 3.3272162 | D24: 2024-10-08 12:49:57.750987 | E24: 2024-10-08 12:49:41.992496 | F24: [0.766824, 0.781774] | G24: =(DATEVALUE(LEFT(E24, 10))-DATEVALUE(LEFT(D24, 10))) * 86400 + (TIMEVALUE(MID(E24, 12, 8)) - TIMEVALUE(MID(D24, 12, 8))) * 86400 + (VALUE(RIGHT(E24, 6)) - VALUE(RIGHT(D24, 6))) / 1000000 -> -15.758491 | H24: =((DATEVALUE(LEFT(D24,10))-DATEVALUE(LEFT(D23,10)))*86400+(TIMEVALUE(MID(D24,12,8))-TIMEVALUE(MID(D23,12,8)))*86400+(VALUE(RIGHT(D24,6))-VALUE(RIGHT(D23,6)))/1000000)/ 60 -> 1503.2401 | I24: =(G24 - G23) / H24 * 60 -> -0.05611427 | J24: =(FLOOR(G24, 1) - FLOOR(G23, 1)) / H24 * 60 -> -0.039913784 | M24: =M23 + H24 -> 15074.999 | N24: =(MID(F24, 2, 7) + MID(F24, 12, 8)) / 2 -> 0.774297 | AO24: 0.3834045
D25: 2024-10-09 10:53:09.125889 | E25: 2024-10-09 10:52:50.992260 | F25: [0.125889, 0.141370] | G25: =(DATEVALUE(LEFT(E25, 10))-DATEVALUE(LEFT(D25, 10))) * 86400 + (TIMEVALUE(MID(E25, 12, 8)) - TIMEVALUE(MID(D25, 12, 8))) * 86400 + (VALUE(RIGHT(E25, 6)) - VALUE(RIGHT(D25, 6))) / 1000000 -> -18.133629 | H25: =((DATEVALUE(LEFT(D25,10))-DATEVALUE(LEFT(D24,10)))*86400+(TIMEVALUE(MID(D25,12,8))-TIMEVALUE(MID(D24,12,8)))*86400+(VALUE(RIGHT(D25,6))-VALUE(RIGHT(D24,6)))/1000000)/ 60 -> 1323.1896 | I25: =(G25 - G24) / H25 * 60 -> -0.10770058 | J25: =(FLOOR(G25, 1) - FLOOR(G24, 1)) / H25 * 60 -> -0.13603493 | M25: =M24 + H25 -> 16398.189 | N25: =(MID(F25, 2, 7) + MID(F25, 12, 8)) / 2 -> 0.133625 | AO25: 0.7590225
A26: CALM: | B26: CALP: | D26: 2024-10-09 15:52:57.375464 | E26: 2024-10-09 15:52:38.992058 | F26: [0.375464, 0.391349] | G26: =(DATEVALUE(LEFT(E26, 10))-DATEVALUE(LEFT(D26, 10))) * 86400 + (TIMEVALUE(MID(E26, 12, 8)) - TIMEVALUE(MID(D26, 12, 8))) * 86400 + (VALUE(RIGHT(E26, 6)) - VALUE(RIGHT(D26, 6))) / 1000000 -> -18.383406 | H26: =((DATEVALUE(LEFT(D26,10))-DATEVALUE(LEFT(D25,10)))*86400+(TIMEVALUE(MID(D26,12,8))-TIMEVALUE(MID(D25,12,8)))*86400+(VALUE(RIGHT(D26,6))-VALUE(RIGHT(D25,6)))/1000000)/ 60 -> 299.80416 | I26: =(G26 - G25) / H26 * 60 -> -0.049988032 | J26: =(FLOOR(G26, 1) - FLOOR(G25, 1)) / H26 * 60 -> 0 | M26: =M25 + H26 -> 16697.993 | N26: =(MID(F26, 2, 7) + MID(F26, 12, 8)) / 2 -> 0.3834045 | AO26: 0.774097
A27: =IF(A24 > 0, ROUND(A24 / 0.9537, 0), IF(A24 + 488.5 > 0, ROUND((A24 + 488.5) / 0.9537, 0), 0)) -> 3 | B27: =IF(A24 > 0, 0, 1) -> 0 | D27: 2024-10-10 14:58:47.751312 | E27: 2024-10-10 14:58:27.992288 | F27: [0.751312, 0.766735] | G27: =(DATEVALUE(LEFT(E27, 10))-DATEVALUE(LEFT(D27, 10))) * 86400 + (TIMEVALUE(MID(E27, 12, 8)) - TIMEVALUE(MID(D27, 12, 8))) * 86400 + (VALUE(RIGHT(E27, 6)) - VALUE(RIGHT(D27, 6))) / 1000000 -> -19.759024 | H27: =((DATEVALUE(LEFT(D27,10))-DATEVALUE(LEFT(D26,10)))*86400+(TIMEVALUE(MID(D27,12,8))-TIMEVALUE(MID(D26,12,8)))*86400+(VALUE(RIGHT(D27,6))-VALUE(RIGHT(D26,6)))/1000000)/ 60 -> 1385.8396 | I27: =(G27 - G26) / H27 * 60 -> -0.059557455 | J27: =(FLOOR(G27, 1) - FLOOR(G26, 1)) / H27 * 60 -> -0.043295054 | M27: =M26 + H27 -> 18083.832 | N27: =(MID(F27, 2, 7) + MID(F27, 12, 8)) / 2 -> 0.7590225 | AO27: 0.243007
D28: 2024-10-11 14:00:54.750468 | E28: 2024-10-11 14:00:33.992208 | F28: [0.766116, 0.782084 | G28: =(DATEVALUE(LEFT(E28, 10))-DATEVALUE(LEFT(D28, 10))) * 86400 + (TIMEVALUE(MID(E28, 12, 8)) - TIMEVALUE(MID(D28, 12, 8))) * 86400 + (VALUE(RIGHT(E28, 6)) - VALUE(RIGHT(D28, 6))) / 1000000 -> -20.75826 | H28: =((DATEVALUE(LEFT(D28,10))-DATEVALUE(LEFT(D27,10)))*86400+(TIMEVALUE(MID(D28,12,8))-TIMEVALUE(MID(D27,12,8)))*86400+(VALUE(RIGHT(D28,6))-VALUE(RIGHT(D27,6)))/1000000)/ 60 -> 1382.1167 | I28: =(G28 - G27) / H28 * 60 -> -0.043378509 | J28: =(FLOOR(G28, 1) - FLOOR(G27, 1)) / H28 * 60 -> -0.043411676 | M28: =M27 + H28 -> 19465.949 | N28: =(MID(F28, 2, 7) + MID(F28, 12, 8)) / 2 -> 0.774097 | AO28: 0.508499
A29: Device name | B29: Firmware version: | D29: 2024-10-11 23:08:57.219352 | E29: 2024-10-11 23:08:35.992396 | F29: [0.235139, 0.250884] | G29: =(DATEVALUE(LEFT(E29, 10))-DATEVALUE(LEFT(D29, 10))) * 86400 + (TIMEVALUE(MID(E29, 12, 8)) - TIMEVALUE(MID(D29, 12, 8))) * 86400 + (VALUE(RIGHT(E29, 6)) - VALUE(RIGHT(D29, 6))) / 1000000 -> -21.226956 | H29: =((DATEVALUE(LEFT(D29,10))-DATEVALUE(LEFT(D28,10)))*86400+(TIMEVALUE(MID(D29,12,8))-TIMEVALUE(MID(D28,12,8)))*86400+(VALUE(RIGHT(D29,6))-VALUE(RIGHT(D28,6)))/1000000)/ 60 -> 548.04115 | I29: =(G29 - G28) / H29 * 60 -> -0.051313227 | J29: =(FLOOR(G29, 1) - FLOOR(G28, 1)) / H29 * 60 -> -0.10948083 | M29: =M28 + H29 -> 20013.99 | N29: =(MID(F29, 2, 7) + MID(F29, 12, 8)) / 2 -> 0.243007 | AO29: 0.1966765
A30: №1 - Nothing | B30: 2024-09-23 NPA LDA noBT 3IMG RTC AIM21 | D30: 2024-10-13 01:23:30.500438 | E30: 2024-10-13 01:23:07.991935 | F30: [0.500438, 0.516568] | G30: =(DATEVALUE(LEFT(E30, 10))-DATEVALUE(LEFT(D30, 10))) * 86400 + (TIMEVALUE(MID(E30, 12, 8)) - TIMEVALUE(MID(D30, 12, 8))) * 86400 + (VALUE(RIGHT(E30, 6)) - VALUE(RIGHT(D30, 6))) / 1000000 -> -22.508503 | H30: =((DATEVALUE(LEFT(D30,10))-DATEVALUE(LEFT(D29,10)))*86400+(TIMEVALUE(MID(D30,12,8))-TIMEVALUE(MID(D29,12,8)))*86400+(VALUE(RIGHT(D30,6))-VALUE(RIGHT(D29,6)))/1000000)/ 60 -> 1574.5547 | I30: =(G30 - G29) / H30 * 60 -> -0.048834646 | J30: =(FLOOR(G30, 1) - FLOOR(G29, 1)) / H30 * 60 -> -0.038106012 | M30: =M29 + H30 -> 21588.545 | N30: =(MID(F30, 2, 7) + MID(F30, 12, 8)) / 2 -> 0.508499 | AO30: 0.5086045
A31: №2 - Blue tape | B31: 2024-09-23 JITAI 1080 1IMG LDA BT RTC AIM21 | D31: 2024-10-13 14:35:59.188630 | E31: 2024-10-13 14:35:35.991954 | F31: [0.188630, 0.204723] | G31: =(DATEVALUE(LEFT(E31, 10))-DATEVALUE(LEFT(D31, 10))) * 86400 + (TIMEVALUE(MID(E31, 12, 8)) - TIMEVALUE(MID(D31, 12, 8))) * 86400 + (VALUE(RIGHT(E31, 6)) - VALUE(RIGHT(D31, 6))) / 1000000 -> -23.196676 | H31: =((DATEVALUE(LEFT(D31,10))-DATEVALUE(LEFT(D30,10)))*86400+(TIMEVALUE(MID(D31,12,8))-TIMEVALUE(MID(D30,12,8)))*86400+(VALUE(RIGHT(D31,6))-VALUE(RIGHT(D30,6)))/1000000)/ 60 -> 792.47814 | I31: =(G31 - G30) / H31 * 60 -> -0.052102863 | J31: =(FLOOR(G31, 1) - FLOOR(G30, 1)) / H31 * 60 -> -0.075711868 | M31: =M30 + H31 -> 22381.023 | N31: =(MID(F31, 2, 7) + MID(F31, 12, 8)) / 2 -> 0.1966765 | AO31: 0.180361
A32: №3 - ACCZERO PBRC | B32: 2024-09-23 JITAI 1080 1IMG LDA BT RTC AIM22 | D32: 2024-10-13 21:57:36.500914 | E32: 2024-10-13 21:57:12.992308 | F32: [0.500914, 0.516299] | G32: =(DATEVALUE(LEFT(E32, 10))-DATEVALUE(LEFT(D32, 10))) * 86400 + (TIMEVALUE(MID(E32, 12, 8)) - TIMEVALUE(MID(D32, 12, 8))) * 86400 + (VALUE(RIGHT(E32, 6)) - VALUE(RIGHT(D32, 6))) / 1000000 -> -23.508606 | H32: =((DATEVALUE(LEFT(D32,10))-DATEVALUE(LEFT(D31,10)))*86400+(TIMEVALUE(MID(D32,12,8))-TIMEVALUE(MID(D31,12,8)))*86400+(VALUE(RIGHT(D32,6))-VALUE(RIGHT(D31,6)))/1000000)/ 60 -> 441.62187 | I32: =(G32 - G31) / H32 * 60 -> -0.042379695 | J32: =(FLOOR(G32, 1) - FLOOR(G31, 1)) / H32 * 60 -> 0 | M32: =M31 + H32 -> 22822.645 | N32: =(MID(F32, 2, 7) + MID(F32, 12, 8)) / 2 -> 0.5086045 | AO32: 0
A33: №4 - IMGCOF | B33: 2024-09-23 JITAI 1080 1IMG LDA BT RTC AIM23 | D33: 2024-10-14 15:46:21.157050 | E33: 2024-10-14 15:45:56.991906 | F33: [0.172896, 0.187832] | G33: =(DATEVALUE(LEFT(E33, 10))-DATEVALUE(LEFT(D33, 10))) * 86400 + (TIMEVALUE(MID(E33, 12, 8)) - TIMEVALUE(MID(D33, 12, 8))) * 86400 + (VALUE(RIGHT(E33, 6)) - VALUE(RIGHT(D33, 6))) / 1000000 -> -24.165144 | H33: =((DATEVALUE(LEFT(D33,10))-DATEVALUE(LEFT(D32,10)))*86400+(TIMEVALUE(MID(D33,12,8))-TIMEVALUE(MID(D32,12,8)))*86400+(VALUE(RIGHT(D33,6))-VALUE(RIGHT(D32,6)))/1000000)/ 60 -> 1068.7443 | I33: =(G33 - G32) / H33 * 60 -> -0.036858471 | J33: =(FLOOR(G33, 1) - FLOOR(G32, 1)) / H33 * 60 -> -0.056140652 | M33: =M32 + H33 -> 23891.389 | N33: =(MID(F33, 2, 7) + MID(F33, 12, 8)) / 2 -> 0.180361 | AO33: 0
A34: №5 - ERR15 | B34: 2024-09-23 JITAI 1080 1IMG LDA BT RTC AIM24 | AO34: 0
A35: №6 - IMG COR LSU | B35: 2024-09-23 NPA LDA noBT 3IMG RTC AIM21 | D35: =("№"&B4&" - "&A4) -> №3 - ACCZERO PBRC | AO35: 0.8994975
A36: №7 - IVAN ERR15 | B36: 2024-09-23 NPA LDA noBT 3IMG RTC AIM21 | D36: Actual time | E36: Device time | F36: Interval | G36: Time drift (s) | H36: Time elapsed minutes | I36: Time drift per hour (with ms) | J36: Time drift per hour | K36: Average error (with ms) | L36: Average error (s/hr) | M36: Time from start (minutes) | AO36: 0.4928015
A37: №8 - AIM TRAINING DEVICE | B37: 2024-09-23 NPA LDA noBT 3IMG RTC AIM21 | D37: 2024-09-28 01:40:05.875976 | E37: 2024-09-28 01:40:04.992380 | F37: [0.891155, 0.907845] | G37: =(DATEVALUE(LEFT(E37, 10))-DATEVALUE(LEFT(D37, 10))) * 86400 + (TIMEVALUE(MID(E37, 12, 8)) - TIMEVALUE(MID(D37, 12, 8))) * 86400 + (VALUE(RIGHT(E37, 6)) - VALUE(RIGHT(D37, 6))) / 1000000 -> -0.883596 | K37: {=((LOOKUP(2,1/(G37:G58<>""),G37:G58) - G37)/SUM(H38:H69)) * 60} -> -0.026391254 | L37: =((FLOOR(MAX(G37:G69), 1)-FLOOR(MIN(G37:G69), 1))/SUM(H38:H69)) * 60 -> 0.042729691 | M37: 0 | N37: =(MID(F37, 2, 7) + MID(F37, 12, 8)) / 2 -> 0.8994975 | AO37: 0.7900525
D38: 2024-09-28 15:10:22.470385 | E38: 2024-09-28 15:10:20.992888 | F38: [0.485484, 0.500123] | G38: =(DATEVALUE(LEFT(E38, 10))-DATEVALUE(LEFT(D38, 10))) * 86400 + (TIMEVALUE(MID(E38, 12, 8)) - TIMEVALUE(MID(D38, 12, 8))) * 86400 + (VALUE(RIGHT(E38, 6)) - VALUE(RIGHT(D38, 6))) / 1000000 -> -1.477497 | H38: =((DATEVALUE(LEFT(D38,10))-DATEVALUE(LEFT(D37,10)))*86400+(TIMEVALUE(MID(D38,12,8))-TIMEVALUE(MID(D37,12,8)))*86400+(VALUE(RIGHT(D38,6))-VALUE(RIGHT(D37,6)))/1000000)/ 60 -> 810.27657 | I38: =3600 * (G38-G37) / ((DATEVALUE(LEFT(D38, 10))-DATEVALUE(LEFT(D37, 10))) * 86400 + (TIMEVALUE(MID(D38, 12, 8)) - TIMEVALUE(MID(D37, 12, 8))) * 86400 + (VALUE(RIGHT(D38, 6)) - VALUE(RIGHT(D37, 6))) / 1000000) -> -0.043977651 | J38: =(FLOOR(G38, 1) - FLOOR(G37, 1)) / H38 * 60 -> -0.07404879 | M38: =M37 + H38 -> 810.27657 | N38: =(MID(F38, 2, 7) + MID(F38, 12, 8)) / 2 -> 0.4928015 | AO38: 0.5393745
D39: 2024-09-28 23:54:41.782276 | E39: 2024-09-28 23:54:39.992220 | F39: [0.782276, 0.797835] | G39: =(DATEVALUE(LEFT(E39, 10))-DATEVALUE(LEFT(D39, 10))) * 86400 + (TIMEVALUE(MID(E39, 12, 8)) - TIMEVALUE(MID(D39, 12, 8))) * 86400 + (VALUE(RIGHT(E39, 6)) - VALUE(RIGHT(D39, 6))) / 1000000 -> -1.790056 | H39: =((DATEVALUE(LEFT(D39,10))-DATEVALUE(LEFT(D38,10)))*86400+(TIMEVALUE(MID(D39,12,8))-TIMEVALUE(MID(D38,12,8)))*86400+(VALUE(RIGHT(D39,6))-VALUE(RIGHT(D38,6)))/1000000)/ 60 -> 524.32186 | I39: =3600 * (G39-G38) / ((DATEVALUE(LEFT(D39, 10))-DATEVALUE(LEFT(D38, 10))) * 86400 + (TIMEVALUE(MID(D39, 12, 8)) - TIMEVALUE(MID(D38, 12, 8))) * 86400 + (VALUE(RIGHT(D39, 6)) - VALUE(RIGHT(D38, 6))) / 1000000) -> -0.035767229 | J39: =(FLOOR(G39, 1) - FLOOR(G38, 1)) / H39 * 60 -> 0 | K39: Average with time set | M39: =M38 + H39 -> 1334.5984 | N39: =(MID(F39, 2, 7) + MID(F39, 12, 8)) / 2 -> 0.7900525 | AO39: 0.4617085
D40: 2024-09-29 22:25:32.531671 | E40: 2024-09-29 22:25:30.992296 | F40: [0.531671, 0.547079] | G40: =(DATEVALUE(LEFT(E40, 10))-DATEVALUE(LEFT(D40, 10))) * 86400 + (TIMEVALUE(MID(E40, 12, 8)) - TIMEVALUE(MID(D40, 12, 8))) * 86400 + (VALUE(RIGHT(E40, 6)) - VALUE(RIGHT(D40, 6))) / 1000000 -> -1.539375 | H40: =((DATEVALUE(LEFT(D40,10))-DATEVALUE(LEFT(D39,10)))*86400+(TIMEVALUE(MID(D40,12,8))-TIMEVALUE(MID(D39,12,8)))*86400+(VALUE(RIGHT(D40,6))-VALUE(RIGHT(D39,6)))/1000000)/ 60 -> 1350.8458 | I40: =3600 * (G40-G39) / ((DATEVALUE(LEFT(D40, 10))-DATEVALUE(LEFT(D39, 10))) * 86400 + (TIMEVALUE(MID(D40, 12, 8)) - TIMEVALUE(MID(D39, 12, 8))) * 86400 + (VALUE(RIGHT(D40, 6)) - VALUE(RIGHT(D39, 6))) / 1000000) -> 0.011134402 | J40: =(FLOOR(G40, 1) - FLOOR(G39, 1)) / H40 * 60 -> 0 | K40: =(MAX(G37:G69) / (DATEDIF(VALUE(DATE(2000 + MID(B13, 1, 2), MID(B13, 4, 2), MID(B13, 7, 2))), VALUE(DATEVALUE(MID(D37, 1, 10)) + TIMEVALUE(MID(D37, 12, 8)) + MID(D37, 21, 6) / 86400000), "d") * 1440 + (TIMEVALUE(MID(D37, 12, 8)) - TIMEVALUE(RIGHT(B13, 8))) * 1440 + MID(D37, 21, 6) / 86400000 + MAX(M37:M69))) * 60 -> -0.0022207849 | M40: =M39 + H40 -> 2685.4443 | N40: =(MID(F40, 2, 7) + MID(F40, 12, 8)) / 2 -> 0.5393745 | AO40: 0.680457
D41: 2024-09-30 19:37:50.438081 | E41: 2024-09-30 19:37:46.992214 | F41: [0.454337, 0.469087] | G41: =(DATEVALUE(LEFT(E41, 10))-DATEVALUE(LEFT(D41, 10))) * 86400 + (TIMEVALUE(MID(E41, 12, 8)) - TIMEVALUE(MID(D41, 12, 8))) * 86400 + (VALUE(RIGHT(E41, 6)) - VALUE(RIGHT(D41, 6))) / 1000000 -> -3.445867 | H41: =((DATEVALUE(LEFT(D41,10))-DATEVALUE(LEFT(D40,10)))*86400+(TIMEVALUE(MID(D41,12,8))-TIMEVALUE(MID(D40,12,8)))*86400+(VALUE(RIGHT(D41,6))-VALUE(RIGHT(D40,6)))/1000000)/ 60 -> 1272.2984 | I41: =3600 * (G41-G40) / ((DATEVALUE(LEFT(D41, 10))-DATEVALUE(LEFT(D40, 10))) * 86400 + (TIMEVALUE(MID(D41, 12, 8)) - TIMEVALUE(MID(D40, 12, 8))) * 86400 + (VALUE(RIGHT(D41, 6)) - VALUE(RIGHT(D40, 6))) / 1000000) -> -0.089907774 | J41: =(FLOOR(G41, 1) - FLOOR(G40, 1)) / H41 * 60 -> -0.094317494 | M41: =M40 + H41 -> 3957.7427 | N41: =(MID(F41, 2, 7) + MID(F41, 12, 8)) / 2 -> 0.4617085 | AO41: 0.914793
D42: 2024-10-01 01:05:31.658635 | E42: 2024-10-01 01:05:27.993228 | F42: [0.672927, 0.687994] | G42: =(DATEVALUE(LEFT(E42, 10))-DATEVALUE(LEFT(D42, 10))) * 86400 + (TIMEVALUE(MID(E42, 12, 8)) - TIMEVALUE(MID(D42, 12, 8))) * 86400 + (VALUE(RIGHT(E42, 6)) - VALUE(RIGHT(D42, 6))) / 1000000 -> -3.665407 | H42: =((DATEVALUE(LEFT(D42,10))-DATEVALUE(LEFT(D41,10)))*86400+(TIMEVALUE(MID(D42,12,8))-TIMEVALUE(MID(D41,12,8)))*86400+(VALUE(RIGHT(D42,6))-VALUE(RIGHT(D41,6)))/1000000)/ 60 -> 327.68701 | I42: =3600 * (G42-G41) / ((DATEVALUE(LEFT(D42, 10))-DATEVALUE(LEFT(D41, 10))) * 86400 + (TIMEVALUE(MID(D42, 12, 8)) - TIMEVALUE(MID(D41, 12, 8))) * 86400 + (VALUE(RIGHT(D42, 6)) - VALUE(RIGHT(D41, 6))) / 1000000) -> -0.040198115 | J42: =(FLOOR(G42, 1) - FLOOR(G41, 1)) / H42 * 60 -> 0 | K42: Standard Deviation | M42: =M41 + H42 -> 4285.4297 | N42: =(MID(F42, 2, 7) + MID(F42, 12, 8)) / 2 -> 0.680457 | AO42: 0.055192
D43: 2024-10-01 09:54:33.907144 | E43: 2024-10-01 09:54:30.992349 | F43: [0.907144, 0.922446] | G43: =(DATEVALUE(LEFT(E43, 10))-DATEVALUE(LEFT(D43, 10))) * 86400 + (TIMEVALUE(MID(E43, 12, 8)) - TIMEVALUE(MID(D43, 12, 8))) * 86400 + (VALUE(RIGHT(E43, 6)) - VALUE(RIGHT(D43, 6))) / 1000000 -> -2.914795 | H43: =((DATEVALUE(LEFT(D43,10))-DATEVALUE(LEFT(D42,10)))*86400+(TIMEVALUE(MID(D43,12,8))-TIMEVALUE(MID(D42,12,8)))*86400+(VALUE(RIGHT(D43,6))-VALUE(RIGHT(D42,6)))/1000000)/ 60 -> 529.03748 | I43: =3600 * (G43-G42) / ((DATEVALUE(LEFT(D43, 10))-DATEVALUE(LEFT(D42, 10))) * 86400 + (TIMEVALUE(MID(D43, 12, 8)) - TIMEVALUE(MID(D42, 12, 8))) * 86400 + (VALUE(RIGHT(D43, 6)) - VALUE(RIGHT(D42, 6))) / 1000000) -> 0.085129546 | J43: =(FLOOR(G43, 1) - FLOOR(G42, 1)) / H43 * 60 -> 0.11341352 | K43: =_xlfn.STDEV.P(I38:I58) -> 0.048728947 | M43: =M42 + H43 -> 4814.4672 | N43: =(MID(F43, 2, 7) + MID(F43, 12, 8)) / 2 -> 0.914793 | AO43: 0.414693
D44: 2024-10-01 13:33:41.031911 | E44: 2024-10-01 13:33:37.992256 | F44: [0.047593, 0.062794] | G44: =(DATEVALUE(LEFT(E44, 10))-DATEVALUE(LEFT(D44, 10))) * 86400 + (TIMEVALUE(MID(E44, 12, 8)) - TIMEVALUE(MID(D44, 12, 8))) * 86400 + (VALUE(RIGHT(E44, 6)) - VALUE(RIGHT(D44, 6))) / 1000000 -> -3.039655 | H44: =((DATEVALUE(LEFT(D44,10))-DATEVALUE(LEFT(D43,10)))*86400+(TIMEVALUE(MID(D44,12,8))-TIMEVALUE(MID(D43,12,8)))*86400+(VALUE(RIGHT(D44,6))-VALUE(RIGHT(D43,6)))/1000000)/ 60 -> 219.11875 | I44: =3600 * (G44-G43) / ((DATEVALUE(LEFT(D44, 10))-DATEVALUE(LEFT(D43, 10))) * 86400 + (TIMEVALUE(MID(D44, 12, 8)) - TIMEVALUE(MID(D43, 12, 8))) * 86400 + (VALUE(RIGHT(D44, 6)) - VALUE(RIGHT(D43, 6))) / 1000000) -> -0.034189681 | J44: =(FLOOR(G44, 1) - FLOOR(G43, 1)) / H44 * 60 -> -0.27382413 | M44: =M43 + H44 -> 5033.5859 | N44: =(MID(F44, 2, 7) + MID(F44, 12, 8)) / 2 -> 0.055192 | AO44: 0.7894855
D45: 2024-10-02 00:55:36.407019 | E45: 2024-10-02 00:55:30.992322 | F45: [0.407019, 0.422376] | G45: =(DATEVALUE(LEFT(E45, 10))-DATEVALUE(LEFT(D45, 10))) * 86400 + (TIMEVALUE(MID(E45, 12, 8)) - TIMEVALUE(MID(D45, 12, 8))) * 86400 + (VALUE(RIGHT(E45, 6)) - VALUE(RIGHT(D45, 6))) / 1000000 -> -5.414697 | H45: =((DATEVALUE(LEFT(D45,10))-DATEVALUE(LEFT(D44,10)))*86400+(TIMEVALUE(MID(D45,12,8))-TIMEVALUE(MID(D44,12,8)))*86400+(VALUE(RIGHT(D45,6))-VALUE(RIGHT(D44,6)))/1000000)/ 60 -> 681.92292 | I45: =3600 * (G45-G44) / ((DATEVALUE(LEFT(D45, 10))-DATEVALUE(LEFT(D44, 10))) * 86400 + (TIMEVALUE(MID(D45, 12, 8)) - TIMEVALUE(MID(D44, 12, 8))) * 86400 + (VALUE(RIGHT(D45, 6)) - VALUE(RIGHT(D44, 6))) / 1000000) -> -0.2089716 | J45: =(FLOOR(G45, 1) - FLOOR(G44, 1)) / H45 * 60 -> -0.17597297 | M45: =M44 + H45 -> 5715.5089 | N45: =(MID(F45, 2, 7) + MID(F45, 12, 8)) / 2 -> 0.414693 | AO45: 0.9146545
D46: 2024-10-02 09:56:34.781837 | E46: 2024-10-02 09:56:28.992348 | F46: [0.781837, 0.797141] | G46: =(DATEVALUE(LEFT(E46, 10))-DATEVALUE(LEFT(D46, 10))) * 86400 + (TIMEVALUE(MID(E46, 12, 8)) - TIMEVALUE(MID(D46, 12, 8))) * 86400 + (VALUE(RIGHT(E46, 6)) - VALUE(RIGHT(D46, 6))) / 1000000 -> -5.789489 | H46: =((DATEVALUE(LEFT(D46,10))-DATEVALUE(LEFT(D45,10)))*86400+(TIMEVALUE(MID(D46,12,8))-TIMEVALUE(MID(D45,12,8)))*86400+(VALUE(RIGHT(D46,6))-VALUE(RIGHT(D45,6)))/1000000)/ 60 -> 540.97291 | I46: =3600 * (G46-G45) / ((DATEVALUE(LEFT(D46, 10))-DATEVALUE(LEFT(D45, 10))) * 86400 + (TIMEVALUE(MID(D46, 12, 8)) - TIMEVALUE(MID(D45, 12, 8))) * 86400 + (VALUE(RIGHT(D46, 6)) - VALUE(RIGHT(D45, 6))) / 1000000) -> -0.041568662 | J46: =(FLOOR(G46, 1) - FLOOR(G45, 1)) / H46 * 60 -> 0 | M46: =M45 + H46 -> 6256.4818 | N46: =(MID(F46, 2, 7) + MID(F46, 12, 8)) / 2 -> 0.7894855 | AO46: 0.25838
D47: 2024-10-02 15:26:27.907000 | E47: 2024-10-02 15:26:21.992346 | F47: [0.907000, 0.922309] | G47: =(DATEVALUE(LEFT(E47, 10))-DATEVALUE(LEFT(D47, 10))) * 86400 + (TIMEVALUE(MID(E47, 12, 8)) - TIMEVALUE(MID(D47, 12, 8))) * 86400 + (VALUE(RIGHT(E47, 6)) - VALUE(RIGHT(D47, 6))) / 1000000 -> -5.914654 | H47: =((DATEVALUE(LEFT(D47,10))-DATEVALUE(LEFT(D46,10)))*86400+(TIMEVALUE(MID(D47,12,8))-TIMEVALUE(MID(D46,12,8)))*86400+(VALUE(RIGHT(D47,6))-VALUE(RIGHT(D46,6)))/1000000)/ 60 -> 329.88542 | I47: =3600 * (G47-G46) / ((DATEVALUE(LEFT(D47, 10))-DATEVALUE(LEFT(D46, 10))) * 86400 + (TIMEVALUE(MID(D47, 12, 8)) - TIMEVALUE(MID(D46, 12, 8))) * 86400 + (VALUE(RIGHT(D47, 6)) - VALUE(RIGHT(D46, 6))) / 1000000) -> -0.022765177 | J47: =(FLOOR(G47, 1) - FLOOR(G46, 1)) / H47 * 60 -> 0 | M47: =M46 + H47 -> 6586.3672 | N47: =(MID(F47, 2, 7) + MID(F47, 12, 8)) / 2 -> 0.9146545 | AO47: 0.7429855
D48: 2024-10-03 01:13:16.250562 | E48: 2024-10-03 01:13:09.992181 | F48: [0.250562, 0.266200] | G48: =(DATEVALUE(LEFT(E48, 10))-DATEVALUE(LEFT(D48, 10))) * 86400 + (TIMEVALUE(MID(E48, 12, 8)) - TIMEVALUE(MID(D48, 12, 8))) * 86400 + (VALUE(RIGHT(E48, 6)) - VALUE(RIGHT(D48, 6))) / 1000000 -> -6.258381 | H48: =((DATEVALUE(LEFT(D48,10))-DATEVALUE(LEFT(D47,10)))*86400+(TIMEVALUE(MID(D48,12,8))-TIMEVALUE(MID(D47,12,8)))*86400+(VALUE(RIGHT(D48,6))-VALUE(RIGHT(D47,6)))/1000000)/ 60 -> 586.80573 | I48: =3600 * (G48-G47) / ((DATEVALUE(LEFT(D48, 10))-DATEVALUE(LEFT(D47, 10))) * 86400 + (TIMEVALUE(MID(D48, 12, 8)) - TIMEVALUE(MID(D47, 12, 8))) * 86400 + (VALUE(RIGHT(D48, 6)) - VALUE(RIGHT(D47, 6))) / 1000000) -> -0.035145567 | J48: =(FLOOR(G48, 1) - FLOOR(G47, 1)) / H48 * 60 -> -0.10224849 | M48: =M47 + H48 -> 7173.1729 | N48: =(MID(F48, 2, 7) + MID(F48, 12, 8)) / 2 -> 0.25838 | AO48: 0.258431
D49: 2024-10-03 12:12:33.719132 | E49: 2024-10-03 12:12:26.992056 | F49: [0.734835, 0.751141] | G49: =(DATEVALUE(LEFT(E49, 10))-DATEVALUE(LEFT(D49, 10))) * 86400 + (TIMEVALUE(MID(E49, 12, 8)) - TIMEVALUE(MID(D49, 12, 8))) * 86400 + (VALUE(RIGHT(E49, 6)) - VALUE(RIGHT(D49, 6))) / 1000000 -> -6.727076 | H49: =((DATEVALUE(LEFT(D49,10))-DATEVALUE(LEFT(D48,10)))*86400+(TIMEVALUE(MID(D49,12,8))-TIMEVALUE(MID(D48,12,8)))*86400+(VALUE(RIGHT(D49,6))-VALUE(RIGHT(D48,6)))/1000000)/ 60 -> 659.29114 | I49: =3600 * (G49-G48) / ((DATEVALUE(LEFT(D49, 10))-DATEVALUE(LEFT(D48, 10))) * 86400 + (TIMEVALUE(MID(D49, 12, 8)) - TIMEVALUE(MID(D48, 12, 8))) * 86400 + (VALUE(RIGHT(D49, 6)) - VALUE(RIGHT(D48, 6))) / 1000000) -> -0.042654448 | J49: =(FLOOR(G49, 1) - FLOOR(G48, 1)) / H49 * 60 -> 0 | M49: =M48 + H49 -> 7832.4641 | N49: =(MID(F49, 2, 7) + MID(F49, 12, 8)) / 2 -> 0.7429855 | AO49: 0.696233
D50: 2024-10-04 01:45:46.250640 | E50: 2024-10-04 01:45:38.992209 | F50: [0.250640, 0.266222] | G50: =(DATEVALUE(LEFT(E50, 10))-DATEVALUE(LEFT(D50, 10))) * 86400 + (TIMEVALUE(MID(E50, 12, 8)) - TIMEVALUE(MID(D50, 12, 8))) * 86400 + (VALUE(RIGHT(E50, 6)) - VALUE(RIGHT(D50, 6))) / 1000000 -> -7.258431 | H50: =((DATEVALUE(LEFT(D50,10))-DATEVALUE(LEFT(D49,10)))*86400+(TIMEVALUE(MID(D50,12,8))-TIMEVALUE(MID(D49,12,8)))*86400+(VALUE(RIGHT(D50,6))-VALUE(RIGHT(D49,6)))/1000000)/ 60 -> 813.20886 | I50: =3600 * (G50-G49) / ((DATEVALUE(LEFT(D50, 10))-DATEVALUE(LEFT(D49, 10))) * 86400 + (TIMEVALUE(MID(D50, 12, 8)) - TIMEVALUE(MID(D49, 12, 8))) * 86400 + (VALUE(RIGHT(D50, 6)) - VALUE(RIGHT(D49, 6))) / 1000000) -> -0.03920432 | J50: =(FLOOR(G50, 1) - FLOOR(G49, 1)) / H50 * 60 -> -0.073781784 | M50: =M49 + H50 -> 8645.6729 | N50: =(MID(F50, 2, 7) + MID(F50, 12, 8)) / 2 -> 0.258431 | AO50: 0.7898
D51: 2024-10-04 11:35:00.688476 | E51: 2024-10-04 11:34:52.992240 | F51: [0.688476, 0.703996] | G51: =(DATEVALUE(LEFT(E51, 10))-DATEVALUE(LEFT(D51, 10))) * 86400 + (TIMEVALUE(MID(E51, 12, 8)) - TIMEVALUE(MID(D51, 12, 8))) * 86400 + (VALUE(RIGHT(E51, 6)) - VALUE(RIGHT(D51, 6))) / 1000000 -> -7.696236 | H51: =((DATEVALUE(LEFT(D51,10))-DATEVALUE(LEFT(D50,10)))*86400+(TIMEVALUE(MID(D51,12,8))-TIMEVALUE(MID(D50,12,8)))*86400+(VALUE(RIGHT(D51,6))-VALUE(RIGHT(D50,6)))/1000000)/ 60 -> 589.24063 | I51: =3600 * (G51-G50) / ((DATEVALUE(LEFT(D51, 10))-DATEVALUE(LEFT(D50, 10))) * 86400 + (TIMEVALUE(MID(D51, 12, 8)) - TIMEVALUE(MID(D50, 12, 8))) * 86400 + (VALUE(RIGHT(D51, 6)) - VALUE(RIGHT(D50, 6))) / 1000000) -> -0.04457992 | J51: =(FLOOR(G51, 1) - FLOOR(G50, 1)) / H51 * 60 -> 0 | M51: =M50 + H51 -> 9234.9135 | N51: =(MID(F51, 2, 7) + MID(F51, 12, 8)) / 2 -> 0.696233 | AO51: 0.899046
